"","datetime","lake","depth","unit","variable","observation"
"1",2024-06-10 17:46:00,"peter",0,"MilliGM-PER-L","dissolvedOxygen",9.28
"2",2024-06-10 17:46:00,"peter",0.25,"MilliGM-PER-L","dissolvedOxygen",9.27
"3",2024-06-10 17:47:00,"peter",0.5,"MilliGM-PER-L","dissolvedOxygen",9.37
"4",2024-06-10 17:47:00,"peter",0.75,"MilliGM-PER-L","dissolvedOxygen",9.53
"5",2024-06-10 17:48:00,"peter",1,"MilliGM-PER-L","dissolvedOxygen",9.35
"6",2024-06-10 17:48:00,"peter",1.25,"MilliGM-PER-L","dissolvedOxygen",9.19
"7",2024-06-10 17:49:00,"peter",1.5,"MilliGM-PER-L","dissolvedOxygen",9.22
"8",2024-06-10 17:49:00,"peter",1.75,"MilliGM-PER-L","dissolvedOxygen",9.16
"9",2024-06-10 17:50:00,"peter",2,"MilliGM-PER-L","dissolvedOxygen",9.17
"10",2024-06-10 17:50:00,"peter",2.25,"MilliGM-PER-L","dissolvedOxygen",9.46
"11",2024-06-10 17:51:00,"peter",2.5,"MilliGM-PER-L","dissolvedOxygen",10.33
"12",2024-06-10 17:51:00,"peter",2.75,"MilliGM-PER-L","dissolvedOxygen",11.22
"13",2024-06-10 17:52:00,"peter",3,"MilliGM-PER-L","dissolvedOxygen",12.04
"14",2024-06-10 17:52:00,"peter",3.25,"MilliGM-PER-L","dissolvedOxygen",12.52
"15",2024-06-10 17:53:00,"peter",3.5,"MilliGM-PER-L","dissolvedOxygen",12.72
"16",2024-06-10 17:53:00,"peter",3.75,"MilliGM-PER-L","dissolvedOxygen",12.84
"17",2024-06-10 17:54:00,"peter",4,"MilliGM-PER-L","dissolvedOxygen",13.4
"18",2024-06-10 17:54:00,"peter",4.25,"MilliGM-PER-L","dissolvedOxygen",14.22
"19",2024-06-10 17:55:00,"peter",4.5,"MilliGM-PER-L","dissolvedOxygen",14.13
"20",2024-06-10 17:55:00,"peter",4.75,"MilliGM-PER-L","dissolvedOxygen",12.6
"21",2024-06-10 17:56:00,"peter",5,"MilliGM-PER-L","dissolvedOxygen",11.32
"22",2024-06-10 17:56:00,"peter",5.25,"MilliGM-PER-L","dissolvedOxygen",10.61
"23",2024-06-10 17:57:00,"peter",5.5,"MilliGM-PER-L","dissolvedOxygen",8.49
"24",2024-06-10 17:57:00,"peter",5.75,"MilliGM-PER-L","dissolvedOxygen",6.17
"25",2024-06-10 17:58:00,"peter",6,"MilliGM-PER-L","dissolvedOxygen",2.9
"26",2024-06-10 17:58:00,"peter",6.25,"MilliGM-PER-L","dissolvedOxygen",0.73
"27",2024-06-10 17:59:00,"peter",6.5,"MilliGM-PER-L","dissolvedOxygen",0.14
"28",2024-06-10 17:59:00,"peter",6.75,"MilliGM-PER-L","dissolvedOxygen",0.07
"29",2024-06-10 18:00:00,"peter",7,"MilliGM-PER-L","dissolvedOxygen",0.07
"30",2024-06-10 18:00:00,"peter",7.5,"MilliGM-PER-L","dissolvedOxygen",0.05
"31",2024-06-10 18:01:00,"peter",8,"MilliGM-PER-L","dissolvedOxygen",0.03
"32",2024-06-13 14:29:00,"peter",0,"MilliGM-PER-L","dissolvedOxygen",NA
"33",2024-06-13 14:30:00,"peter",0.25,"MilliGM-PER-L","dissolvedOxygen",NA
"34",2024-06-13 14:30:00,"peter",0.5,"MilliGM-PER-L","dissolvedOxygen",NA
"35",2024-06-13 14:31:00,"peter",0.75,"MilliGM-PER-L","dissolvedOxygen",NA
"36",2024-06-13 14:31:00,"peter",1,"MilliGM-PER-L","dissolvedOxygen",NA
"37",2024-06-13 14:32:00,"peter",1.25,"MilliGM-PER-L","dissolvedOxygen",NA
"38",2024-06-13 14:32:00,"peter",1.5,"MilliGM-PER-L","dissolvedOxygen",NA
"39",2024-06-13 14:33:00,"peter",1.75,"MilliGM-PER-L","dissolvedOxygen",NA
"40",2024-06-13 14:33:00,"peter",2,"MilliGM-PER-L","dissolvedOxygen",NA
"41",2024-06-13 14:34:00,"peter",2.25,"MilliGM-PER-L","dissolvedOxygen",NA
"42",2024-06-13 14:34:00,"peter",2.5,"MilliGM-PER-L","dissolvedOxygen",NA
"43",2024-06-13 14:35:00,"peter",2.75,"MilliGM-PER-L","dissolvedOxygen",NA
"44",2024-06-13 14:35:00,"peter",3,"MilliGM-PER-L","dissolvedOxygen",NA
"45",2024-06-13 14:36:00,"peter",3.25,"MilliGM-PER-L","dissolvedOxygen",NA
"46",2024-06-13 14:36:00,"peter",3.5,"MilliGM-PER-L","dissolvedOxygen",NA
"47",2024-06-13 14:37:00,"peter",3.75,"MilliGM-PER-L","dissolvedOxygen",NA
"48",2024-06-13 14:37:00,"peter",4,"MilliGM-PER-L","dissolvedOxygen",NA
"49",2024-06-13 14:38:00,"peter",4.25,"MilliGM-PER-L","dissolvedOxygen",NA
"50",2024-06-13 14:38:00,"peter",4.5,"MilliGM-PER-L","dissolvedOxygen",NA
"51",2024-06-13 14:39:00,"peter",4.75,"MilliGM-PER-L","dissolvedOxygen",NA
"52",2024-06-13 14:39:00,"peter",5,"MilliGM-PER-L","dissolvedOxygen",NA
"53",2024-06-13 14:40:00,"peter",5.25,"MilliGM-PER-L","dissolvedOxygen",NA
"54",2024-06-13 14:40:00,"peter",5.5,"MilliGM-PER-L","dissolvedOxygen",NA
"55",2024-06-13 14:41:00,"peter",5.75,"MilliGM-PER-L","dissolvedOxygen",NA
"56",2024-06-13 14:41:00,"peter",6,"MilliGM-PER-L","dissolvedOxygen",NA
"57",2024-06-13 14:42:00,"peter",6.25,"MilliGM-PER-L","dissolvedOxygen",NA
"58",2024-06-13 14:42:00,"peter",6.5,"MilliGM-PER-L","dissolvedOxygen",NA
"59",2024-06-13 14:43:00,"peter",6.75,"MilliGM-PER-L","dissolvedOxygen",NA
"60",2024-06-13 14:43:00,"peter",7,"MilliGM-PER-L","dissolvedOxygen",NA
"61",2024-06-13 14:44:00,"peter",7.5,"MilliGM-PER-L","dissolvedOxygen",NA
"62",2024-06-13 14:44:00,"peter",8,"MilliGM-PER-L","dissolvedOxygen",NA
"63",2024-06-14 14:42:00,"peter",0,"MilliGM-PER-L","dissolvedOxygen",9.89
"64",2024-06-14 14:42:00,"peter",0.25,"MilliGM-PER-L","dissolvedOxygen",9.96
"65",2024-06-14 14:43:00,"peter",0.5,"MilliGM-PER-L","dissolvedOxygen",9.97
"66",2024-06-14 14:43:00,"peter",0.75,"MilliGM-PER-L","dissolvedOxygen",10.08
"67",2024-06-14 14:44:00,"peter",1,"MilliGM-PER-L","dissolvedOxygen",9.94
"68",2024-06-14 14:44:00,"peter",1.25,"MilliGM-PER-L","dissolvedOxygen",9.8
"69",2024-06-14 14:45:00,"peter",1.5,"MilliGM-PER-L","dissolvedOxygen",9.6
"70",2024-06-14 14:45:00,"peter",1.75,"MilliGM-PER-L","dissolvedOxygen",9.46
"71",2024-06-14 14:46:00,"peter",2,"MilliGM-PER-L","dissolvedOxygen",9.27
"72",2024-06-14 14:46:00,"peter",2.25,"MilliGM-PER-L","dissolvedOxygen",9.37
"73",2024-06-14 14:47:00,"peter",2.5,"MilliGM-PER-L","dissolvedOxygen",10.67
"74",2024-06-14 14:47:00,"peter",2.75,"MilliGM-PER-L","dissolvedOxygen",11.38
"75",2024-06-14 14:48:00,"peter",3,"MilliGM-PER-L","dissolvedOxygen",11.83
"76",2024-06-14 14:48:00,"peter",3.25,"MilliGM-PER-L","dissolvedOxygen",12.17
"77",2024-06-14 14:49:00,"peter",3.5,"MilliGM-PER-L","dissolvedOxygen",12.46
"78",2024-06-14 14:49:00,"peter",3.75,"MilliGM-PER-L","dissolvedOxygen",12.74
"79",2024-06-14 14:50:00,"peter",4,"MilliGM-PER-L","dissolvedOxygen",13.69
"80",2024-06-14 14:50:00,"peter",4.25,"MilliGM-PER-L","dissolvedOxygen",13.63
"81",2024-06-14 14:51:00,"peter",4.5,"MilliGM-PER-L","dissolvedOxygen",13.53
"82",2024-06-14 14:51:00,"peter",4.75,"MilliGM-PER-L","dissolvedOxygen",12.86
"83",2024-06-14 14:52:00,"peter",5,"MilliGM-PER-L","dissolvedOxygen",11.95
"84",2024-06-14 14:52:00,"peter",5.25,"MilliGM-PER-L","dissolvedOxygen",10.49
"85",2024-06-14 14:53:00,"peter",5.5,"MilliGM-PER-L","dissolvedOxygen",8.04
"86",2024-06-14 14:53:00,"peter",5.75,"MilliGM-PER-L","dissolvedOxygen",4.7
"87",2024-06-14 14:54:00,"peter",6,"MilliGM-PER-L","dissolvedOxygen",1.88
"88",2024-06-14 14:54:00,"peter",6.25,"MilliGM-PER-L","dissolvedOxygen",0.39
"89",2024-06-14 14:55:00,"peter",6.5,"MilliGM-PER-L","dissolvedOxygen",0.12
"90",2024-06-14 14:55:00,"peter",6.75,"MilliGM-PER-L","dissolvedOxygen",0.05
"91",2024-06-14 14:56:00,"peter",7,"MilliGM-PER-L","dissolvedOxygen",0.04
"92",2024-06-14 14:56:00,"peter",7.5,"MilliGM-PER-L","dissolvedOxygen",0.02
"93",2024-06-14 14:57:00,"peter",8,"MilliGM-PER-L","dissolvedOxygen",0.03
"94",2024-06-20 16:19:00,"peter",0,"MilliGM-PER-L","dissolvedOxygen",9.43
"95",2024-06-20 16:19:00,"peter",0.25,"MilliGM-PER-L","dissolvedOxygen",9.39
"96",2024-06-20 16:20:00,"peter",0.5,"MilliGM-PER-L","dissolvedOxygen",9.4
"97",2024-06-20 16:20:00,"peter",0.75,"MilliGM-PER-L","dissolvedOxygen",9.36
"98",2024-06-20 16:21:00,"peter",1,"MilliGM-PER-L","dissolvedOxygen",9.34
"99",2024-06-20 16:21:00,"peter",1.25,"MilliGM-PER-L","dissolvedOxygen",9.3
"100",2024-06-20 16:22:00,"peter",1.5,"MilliGM-PER-L","dissolvedOxygen",9.62
"101",2024-06-20 16:22:00,"peter",1.75,"MilliGM-PER-L","dissolvedOxygen",9.8
"102",2024-06-20 16:23:00,"peter",2,"MilliGM-PER-L","dissolvedOxygen",9.06
"103",2024-06-20 16:23:00,"peter",2.25,"MilliGM-PER-L","dissolvedOxygen",8.59
"104",2024-06-20 16:24:00,"peter",2.5,"MilliGM-PER-L","dissolvedOxygen",9.23
"105",2024-06-20 16:24:00,"peter",2.75,"MilliGM-PER-L","dissolvedOxygen",10.22
"106",2024-06-20 16:25:00,"peter",3,"MilliGM-PER-L","dissolvedOxygen",10.48
"107",2024-06-20 16:25:00,"peter",3.25,"MilliGM-PER-L","dissolvedOxygen",11.05
"108",2024-06-20 16:26:00,"peter",3.5,"MilliGM-PER-L","dissolvedOxygen",10.8
"109",2024-06-20 16:26:00,"peter",3.75,"MilliGM-PER-L","dissolvedOxygen",11.02
"110",2024-06-20 16:27:00,"peter",4,"MilliGM-PER-L","dissolvedOxygen",11.71
"111",2024-06-20 16:27:00,"peter",4.25,"MilliGM-PER-L","dissolvedOxygen",11.43
"112",2024-06-20 16:28:00,"peter",4.5,"MilliGM-PER-L","dissolvedOxygen",10.68
"113",2024-06-20 16:28:00,"peter",4.75,"MilliGM-PER-L","dissolvedOxygen",10.4
"114",2024-06-20 16:29:00,"peter",5,"MilliGM-PER-L","dissolvedOxygen",9.05
"115",2024-06-20 16:29:00,"peter",5.25,"MilliGM-PER-L","dissolvedOxygen",8.12
"116",2024-06-20 16:30:00,"peter",5.5,"MilliGM-PER-L","dissolvedOxygen",6.4
"117",2024-06-20 16:30:00,"peter",5.75,"MilliGM-PER-L","dissolvedOxygen",3.61
"118",2024-06-20 16:31:00,"peter",6,"MilliGM-PER-L","dissolvedOxygen",1.33
"119",2024-06-20 16:31:00,"peter",6.25,"MilliGM-PER-L","dissolvedOxygen",0.18
"120",2024-06-20 16:32:00,"peter",6.5,"MilliGM-PER-L","dissolvedOxygen",0.05
"121",2024-06-20 16:32:00,"peter",6.75,"MilliGM-PER-L","dissolvedOxygen",0.04
"122",2024-06-20 16:33:00,"peter",7,"MilliGM-PER-L","dissolvedOxygen",0.04
"123",2024-06-20 16:33:00,"peter",7.5,"MilliGM-PER-L","dissolvedOxygen",0.02
"124",2024-06-20 16:34:00,"peter",8,"MilliGM-PER-L","dissolvedOxygen",0.02
"125",2024-06-20 16:34:00,"peter",12,"MilliGM-PER-L","dissolvedOxygen",0.02
"126",2024-06-21 15:38:00,"peter",0,"MilliGM-PER-L","dissolvedOxygen",9.51
"127",2024-06-21 15:38:00,"peter",0.25,"MilliGM-PER-L","dissolvedOxygen",9.51
"128",2024-06-21 15:39:00,"peter",0.5,"MilliGM-PER-L","dissolvedOxygen",9.45
"129",2024-06-21 15:39:00,"peter",0.75,"MilliGM-PER-L","dissolvedOxygen",9.41
"130",2024-06-21 15:40:00,"peter",1,"MilliGM-PER-L","dissolvedOxygen",9.31
"131",2024-06-21 15:40:00,"peter",1.25,"MilliGM-PER-L","dissolvedOxygen",9.21
"132",2024-06-21 15:41:00,"peter",1.5,"MilliGM-PER-L","dissolvedOxygen",8.99
"133",2024-06-21 15:41:00,"peter",1.75,"MilliGM-PER-L","dissolvedOxygen",8.92
"134",2024-06-21 15:42:00,"peter",2,"MilliGM-PER-L","dissolvedOxygen",8.82
"135",2024-06-21 15:42:00,"peter",2.25,"MilliGM-PER-L","dissolvedOxygen",8.36
"136",2024-06-21 15:43:00,"peter",2.5,"MilliGM-PER-L","dissolvedOxygen",8.9
"137",2024-06-21 15:43:00,"peter",2.75,"MilliGM-PER-L","dissolvedOxygen",9.95
"138",2024-06-21 15:44:00,"peter",3,"MilliGM-PER-L","dissolvedOxygen",10.94
"139",2024-06-21 15:44:00,"peter",3.25,"MilliGM-PER-L","dissolvedOxygen",11.34
"140",2024-06-21 15:45:00,"peter",3.5,"MilliGM-PER-L","dissolvedOxygen",11.26
"141",2024-06-21 15:45:00,"peter",3.75,"MilliGM-PER-L","dissolvedOxygen",11.55
"142",2024-06-21 15:46:00,"peter",4,"MilliGM-PER-L","dissolvedOxygen",11.83
"143",2024-06-21 15:46:00,"peter",4.25,"MilliGM-PER-L","dissolvedOxygen",11.65
"144",2024-06-21 15:47:00,"peter",4.5,"MilliGM-PER-L","dissolvedOxygen",11.37
"145",2024-06-21 15:47:00,"peter",4.75,"MilliGM-PER-L","dissolvedOxygen",10.83
"146",2024-06-21 15:48:00,"peter",5,"MilliGM-PER-L","dissolvedOxygen",9.62
"147",2024-06-21 15:48:00,"peter",5.25,"MilliGM-PER-L","dissolvedOxygen",8.1
"148",2024-06-21 15:49:00,"peter",5.5,"MilliGM-PER-L","dissolvedOxygen",5.98
"149",2024-06-21 15:49:00,"peter",5.75,"MilliGM-PER-L","dissolvedOxygen",2.14
"150",2024-06-21 15:50:00,"peter",6,"MilliGM-PER-L","dissolvedOxygen",0.5
"151",2024-06-21 15:50:00,"peter",6.25,"MilliGM-PER-L","dissolvedOxygen",0.12
"152",2024-06-21 15:51:00,"peter",6.5,"MilliGM-PER-L","dissolvedOxygen",0.05
"153",2024-06-21 15:51:00,"peter",6.75,"MilliGM-PER-L","dissolvedOxygen",0.03
"154",2024-06-21 15:52:00,"peter",7,"MilliGM-PER-L","dissolvedOxygen",0.02
"155",2024-06-21 15:52:00,"peter",7.5,"MilliGM-PER-L","dissolvedOxygen",0.03
"156",2024-06-21 15:53:00,"peter",8,"MilliGM-PER-L","dissolvedOxygen",0.03
"157",2024-06-26 14:30:00,"peter",0,"MilliGM-PER-L","dissolvedOxygen",9.22
"158",2024-06-26 14:30:00,"peter",0.25,"MilliGM-PER-L","dissolvedOxygen",9.25
"159",2024-06-26 14:31:00,"peter",0.5,"MilliGM-PER-L","dissolvedOxygen",9.24
"160",2024-06-26 14:31:00,"peter",0.75,"MilliGM-PER-L","dissolvedOxygen",9.29
"161",2024-06-26 14:32:00,"peter",1,"MilliGM-PER-L","dissolvedOxygen",9.33
"162",2024-06-26 14:32:00,"peter",1.25,"MilliGM-PER-L","dissolvedOxygen",9.1
"163",2024-06-26 14:33:00,"peter",1.5,"MilliGM-PER-L","dissolvedOxygen",8.79
"164",2024-06-26 14:33:00,"peter",1.75,"MilliGM-PER-L","dissolvedOxygen",8.52
"165",2024-06-26 14:34:00,"peter",2,"MilliGM-PER-L","dissolvedOxygen",8.17
"166",2024-06-26 14:34:00,"peter",2.25,"MilliGM-PER-L","dissolvedOxygen",7.71
"167",2024-06-26 14:35:00,"peter",2.5,"MilliGM-PER-L","dissolvedOxygen",8.67
"168",2024-06-26 14:35:00,"peter",2.75,"MilliGM-PER-L","dissolvedOxygen",9.65
"169",2024-06-26 14:36:00,"peter",3,"MilliGM-PER-L","dissolvedOxygen",10.34
"170",2024-06-26 14:36:00,"peter",3.25,"MilliGM-PER-L","dissolvedOxygen",10.85
"171",2024-06-26 14:37:00,"peter",3.5,"MilliGM-PER-L","dissolvedOxygen",11.05
"172",2024-06-26 14:37:00,"peter",3.75,"MilliGM-PER-L","dissolvedOxygen",11.1
"173",2024-06-26 14:38:00,"peter",4,"MilliGM-PER-L","dissolvedOxygen",11.25
"174",2024-06-26 14:38:00,"peter",4.25,"MilliGM-PER-L","dissolvedOxygen",11.31
"175",2024-06-26 14:39:00,"peter",4.5,"MilliGM-PER-L","dissolvedOxygen",11.13
"176",2024-06-26 14:39:00,"peter",4.75,"MilliGM-PER-L","dissolvedOxygen",11.53
"177",2024-06-26 14:40:00,"peter",5,"MilliGM-PER-L","dissolvedOxygen",10.59
"178",2024-06-26 14:40:00,"peter",5.25,"MilliGM-PER-L","dissolvedOxygen",8.12
"179",2024-06-26 14:41:00,"peter",5.5,"MilliGM-PER-L","dissolvedOxygen",3.99
"180",2024-06-26 14:41:00,"peter",5.75,"MilliGM-PER-L","dissolvedOxygen",1.6
"181",2024-06-26 14:42:00,"peter",6,"MilliGM-PER-L","dissolvedOxygen",0.22
"182",2024-06-26 14:42:00,"peter",6.25,"MilliGM-PER-L","dissolvedOxygen",0.04
"183",2024-06-26 14:43:00,"peter",6.5,"MilliGM-PER-L","dissolvedOxygen",0.01
"184",2024-06-26 14:43:00,"peter",6.75,"MilliGM-PER-L","dissolvedOxygen",0.02
"185",2024-06-26 14:44:00,"peter",7,"MilliGM-PER-L","dissolvedOxygen",0.02
"186",2024-06-26 14:44:00,"peter",7.5,"MilliGM-PER-L","dissolvedOxygen",0.01
"187",2024-06-26 14:45:00,"peter",8,"MilliGM-PER-L","dissolvedOxygen",0.02
"188",2024-06-28 15:13:00,"peter",0,"MilliGM-PER-L","dissolvedOxygen",8.73
"189",2024-06-28 15:13:00,"peter",0.25,"MilliGM-PER-L","dissolvedOxygen",8.71
"190",2024-06-28 15:14:00,"peter",0.5,"MilliGM-PER-L","dissolvedOxygen",8.71
"191",2024-06-28 15:14:00,"peter",0.75,"MilliGM-PER-L","dissolvedOxygen",8.72
"192",2024-06-28 15:15:00,"peter",1,"MilliGM-PER-L","dissolvedOxygen",8.77
"193",2024-06-28 15:15:00,"peter",1.25,"MilliGM-PER-L","dissolvedOxygen",8.75
"194",2024-06-28 15:16:00,"peter",1.5,"MilliGM-PER-L","dissolvedOxygen",8.75
"195",2024-06-28 15:16:00,"peter",1.75,"MilliGM-PER-L","dissolvedOxygen",8.71
"196",2024-06-28 15:17:00,"peter",2,"MilliGM-PER-L","dissolvedOxygen",7.36
"197",2024-06-28 15:17:00,"peter",2.25,"MilliGM-PER-L","dissolvedOxygen",6.64
"198",2024-06-28 15:18:00,"peter",2.5,"MilliGM-PER-L","dissolvedOxygen",7.24
"199",2024-06-28 15:18:00,"peter",2.75,"MilliGM-PER-L","dissolvedOxygen",9.01
"200",2024-06-28 15:19:00,"peter",3,"MilliGM-PER-L","dissolvedOxygen",9.52
"201",2024-06-28 15:19:00,"peter",3.25,"MilliGM-PER-L","dissolvedOxygen",10.31
"202",2024-06-28 15:20:00,"peter",3.5,"MilliGM-PER-L","dissolvedOxygen",10.54
"203",2024-06-28 15:20:00,"peter",3.75,"MilliGM-PER-L","dissolvedOxygen",10.72
"204",2024-06-28 15:21:00,"peter",4,"MilliGM-PER-L","dissolvedOxygen",11.04
"205",2024-06-28 15:21:00,"peter",4.25,"MilliGM-PER-L","dissolvedOxygen",11.3
"206",2024-06-28 15:22:00,"peter",4.5,"MilliGM-PER-L","dissolvedOxygen",10.79
"207",2024-06-28 15:22:00,"peter",4.75,"MilliGM-PER-L","dissolvedOxygen",9.7
"208",2024-06-28 15:23:00,"peter",5,"MilliGM-PER-L","dissolvedOxygen",8.39
"209",2024-06-28 15:23:00,"peter",5.25,"MilliGM-PER-L","dissolvedOxygen",6.88
"210",2024-06-28 15:24:00,"peter",5.5,"MilliGM-PER-L","dissolvedOxygen",2.24
"211",2024-06-28 15:24:00,"peter",5.75,"MilliGM-PER-L","dissolvedOxygen",0.61
"212",2024-06-28 15:25:00,"peter",6,"MilliGM-PER-L","dissolvedOxygen",0.13
"213",2024-06-28 15:25:00,"peter",6.25,"MilliGM-PER-L","dissolvedOxygen",0.04
"214",2024-06-28 15:26:00,"peter",6.5,"MilliGM-PER-L","dissolvedOxygen",0.02
"215",2024-06-28 15:26:00,"peter",6.75,"MilliGM-PER-L","dissolvedOxygen",0.02
"216",2024-06-28 15:27:00,"peter",7,"MilliGM-PER-L","dissolvedOxygen",0.03
"217",2024-06-28 15:27:00,"peter",7.5,"MilliGM-PER-L","dissolvedOxygen",0.02
"218",2024-06-28 15:28:00,"peter",8,"MilliGM-PER-L","dissolvedOxygen",0.02
"219",2024-07-01 14:24:00,"peter",0,"MilliGM-PER-L","dissolvedOxygen",8.67
"220",2024-07-01 14:24:00,"peter",0.25,"MilliGM-PER-L","dissolvedOxygen",8.67
"221",2024-07-01 14:25:00,"peter",0.5,"MilliGM-PER-L","dissolvedOxygen",8.7
"222",2024-07-01 14:25:00,"peter",0.75,"MilliGM-PER-L","dissolvedOxygen",8.68
"223",2024-07-01 14:26:00,"peter",1,"MilliGM-PER-L","dissolvedOxygen",8.71
"224",2024-07-01 14:26:00,"peter",1.25,"MilliGM-PER-L","dissolvedOxygen",8.63
"225",2024-07-01 14:27:00,"peter",1.5,"MilliGM-PER-L","dissolvedOxygen",8.47
"226",2024-07-01 14:27:00,"peter",1.75,"MilliGM-PER-L","dissolvedOxygen",8.52
"227",2024-07-01 14:28:00,"peter",2,"MilliGM-PER-L","dissolvedOxygen",8.42
"228",2024-07-01 14:28:00,"peter",2.25,"MilliGM-PER-L","dissolvedOxygen",7.51
"229",2024-07-01 14:29:00,"peter",2.5,"MilliGM-PER-L","dissolvedOxygen",7.24
"230",2024-07-01 14:29:00,"peter",2.75,"MilliGM-PER-L","dissolvedOxygen",8.3
"231",2024-07-01 14:30:00,"peter",3,"MilliGM-PER-L","dissolvedOxygen",9.25
"232",2024-07-01 14:30:00,"peter",3.25,"MilliGM-PER-L","dissolvedOxygen",9.95
"233",2024-07-01 14:31:00,"peter",3.5,"MilliGM-PER-L","dissolvedOxygen",10.4
"234",2024-07-01 14:31:00,"peter",3.75,"MilliGM-PER-L","dissolvedOxygen",10.57
"235",2024-07-01 14:32:00,"peter",4,"MilliGM-PER-L","dissolvedOxygen",10.96
"236",2024-07-01 14:32:00,"peter",4.25,"MilliGM-PER-L","dissolvedOxygen",11.32
"237",2024-07-01 14:33:00,"peter",4.5,"MilliGM-PER-L","dissolvedOxygen",11.17
"238",2024-07-01 14:33:00,"peter",4.75,"MilliGM-PER-L","dissolvedOxygen",10.91
"239",2024-07-01 14:34:00,"peter",5,"MilliGM-PER-L","dissolvedOxygen",10.44
"240",2024-07-01 14:34:00,"peter",5.25,"MilliGM-PER-L","dissolvedOxygen",9.39
"241",2024-07-01 14:35:00,"peter",5.5,"MilliGM-PER-L","dissolvedOxygen",6.14
"242",2024-07-01 14:35:00,"peter",5.75,"MilliGM-PER-L","dissolvedOxygen",2.9
"243",2024-07-01 14:36:00,"peter",6,"MilliGM-PER-L","dissolvedOxygen",0.42
"244",2024-07-01 14:36:00,"peter",6.25,"MilliGM-PER-L","dissolvedOxygen",0.1
"245",2024-07-01 14:37:00,"peter",6.5,"MilliGM-PER-L","dissolvedOxygen",0.04
"246",2024-07-01 14:37:00,"peter",6.75,"MilliGM-PER-L","dissolvedOxygen",0.03
"247",2024-07-01 14:38:00,"peter",7,"MilliGM-PER-L","dissolvedOxygen",0.03
"248",2024-07-01 14:38:00,"peter",7.5,"MilliGM-PER-L","dissolvedOxygen",0.02
"249",2024-07-01 14:39:00,"peter",8,"MilliGM-PER-L","dissolvedOxygen",0.03
"250",2024-07-03 13:58:00,"peter",0,"MilliGM-PER-L","dissolvedOxygen",8.44
"251",2024-07-03 13:58:00,"peter",0.25,"MilliGM-PER-L","dissolvedOxygen",8.41
"252",2024-07-03 13:59:00,"peter",0.5,"MilliGM-PER-L","dissolvedOxygen",8.43
"253",2024-07-03 13:59:00,"peter",0.75,"MilliGM-PER-L","dissolvedOxygen",8.38
"254",2024-07-03 14:00:00,"peter",1,"MilliGM-PER-L","dissolvedOxygen",8.46
"255",2024-07-03 14:00:00,"peter",1.25,"MilliGM-PER-L","dissolvedOxygen",8.52
"256",2024-07-03 14:01:00,"peter",1.5,"MilliGM-PER-L","dissolvedOxygen",8.38
"257",2024-07-03 14:01:00,"peter",1.75,"MilliGM-PER-L","dissolvedOxygen",8.36
"258",2024-07-03 14:02:00,"peter",2,"MilliGM-PER-L","dissolvedOxygen",8.17
"259",2024-07-03 14:02:00,"peter",2.25,"MilliGM-PER-L","dissolvedOxygen",7.5
"260",2024-07-03 14:03:00,"peter",2.5,"MilliGM-PER-L","dissolvedOxygen",7.61
"261",2024-07-03 14:03:00,"peter",2.75,"MilliGM-PER-L","dissolvedOxygen",8.82
"262",2024-07-03 14:04:00,"peter",3,"MilliGM-PER-L","dissolvedOxygen",9.23
"263",2024-07-03 14:04:00,"peter",3.25,"MilliGM-PER-L","dissolvedOxygen",9.64
"264",2024-07-03 14:05:00,"peter",3.5,"MilliGM-PER-L","dissolvedOxygen",10.31
"265",2024-07-03 14:05:00,"peter",3.75,"MilliGM-PER-L","dissolvedOxygen",10.41
"266",2024-07-03 14:06:00,"peter",4,"MilliGM-PER-L","dissolvedOxygen",10.73
"267",2024-07-03 14:06:00,"peter",4.25,"MilliGM-PER-L","dissolvedOxygen",10.85
"268",2024-07-03 14:07:00,"peter",4.5,"MilliGM-PER-L","dissolvedOxygen",10.6
"269",2024-07-03 14:07:00,"peter",4.75,"MilliGM-PER-L","dissolvedOxygen",10.05
"270",2024-07-03 14:08:00,"peter",5,"MilliGM-PER-L","dissolvedOxygen",8.41
"271",2024-07-03 14:08:00,"peter",5.25,"MilliGM-PER-L","dissolvedOxygen",6.22
"272",2024-07-03 14:09:00,"peter",5.5,"MilliGM-PER-L","dissolvedOxygen",3.3
"273",2024-07-03 14:09:00,"peter",5.75,"MilliGM-PER-L","dissolvedOxygen",0.35
"274",2024-07-03 14:10:00,"peter",6,"MilliGM-PER-L","dissolvedOxygen",0.09
"275",2024-07-03 14:10:00,"peter",6.25,"MilliGM-PER-L","dissolvedOxygen",0.04
"276",2024-07-03 14:11:00,"peter",6.5,"MilliGM-PER-L","dissolvedOxygen",0.02
"277",2024-07-03 14:11:00,"peter",6.75,"MilliGM-PER-L","dissolvedOxygen",0.02
"278",2024-07-03 14:12:00,"peter",7,"MilliGM-PER-L","dissolvedOxygen",0.02
"279",2024-07-03 14:12:00,"peter",7.5,"MilliGM-PER-L","dissolvedOxygen",0.02
"280",2024-07-03 14:13:00,"peter",8,"MilliGM-PER-L","dissolvedOxygen",0.02
"281",2024-07-05 12:59:00,"peter",0,"MilliGM-PER-L","dissolvedOxygen",8.53
"282",2024-07-05 12:59:00,"peter",0.25,"MilliGM-PER-L","dissolvedOxygen",8.61
"283",2024-07-05 13:00:00,"peter",0.5,"MilliGM-PER-L","dissolvedOxygen",8.59
"284",2024-07-05 13:00:00,"peter",0.75,"MilliGM-PER-L","dissolvedOxygen",8.73
"285",2024-07-05 13:01:00,"peter",1,"MilliGM-PER-L","dissolvedOxygen",8.53
"286",2024-07-05 13:01:00,"peter",1.25,"MilliGM-PER-L","dissolvedOxygen",8.7
"287",2024-07-05 13:02:00,"peter",1.5,"MilliGM-PER-L","dissolvedOxygen",8.43
"288",2024-07-05 13:02:00,"peter",1.75,"MilliGM-PER-L","dissolvedOxygen",8.17
"289",2024-07-05 13:03:00,"peter",2,"MilliGM-PER-L","dissolvedOxygen",7.82
"290",2024-07-05 13:03:00,"peter",2.25,"MilliGM-PER-L","dissolvedOxygen",6.63
"291",2024-07-05 13:04:00,"peter",2.5,"MilliGM-PER-L","dissolvedOxygen",7.43
"292",2024-07-05 13:04:00,"peter",2.75,"MilliGM-PER-L","dissolvedOxygen",8.64
"293",2024-07-05 13:05:00,"peter",3,"MilliGM-PER-L","dissolvedOxygen",9.01
"294",2024-07-05 13:05:00,"peter",3.25,"MilliGM-PER-L","dissolvedOxygen",9.65
"295",2024-07-05 13:06:00,"peter",3.5,"MilliGM-PER-L","dissolvedOxygen",9.86
"296",2024-07-05 13:06:00,"peter",3.75,"MilliGM-PER-L","dissolvedOxygen",9.87
"297",2024-07-05 13:07:00,"peter",4,"MilliGM-PER-L","dissolvedOxygen",10.42
"298",2024-07-05 13:07:00,"peter",4.25,"MilliGM-PER-L","dissolvedOxygen",10.88
"299",2024-07-05 13:08:00,"peter",4.5,"MilliGM-PER-L","dissolvedOxygen",10.55
"300",2024-07-05 13:08:00,"peter",4.75,"MilliGM-PER-L","dissolvedOxygen",9.87
"301",2024-07-05 13:09:00,"peter",5,"MilliGM-PER-L","dissolvedOxygen",8.49
"302",2024-07-05 13:09:00,"peter",5.25,"MilliGM-PER-L","dissolvedOxygen",6.07
"303",2024-07-05 13:10:00,"peter",5.5,"MilliGM-PER-L","dissolvedOxygen",2.75
"304",2024-07-05 13:10:00,"peter",5.75,"MilliGM-PER-L","dissolvedOxygen",0.58
"305",2024-07-05 13:11:00,"peter",6,"MilliGM-PER-L","dissolvedOxygen",0.08
"306",2024-07-05 13:11:00,"peter",6.25,"MilliGM-PER-L","dissolvedOxygen",0.02
"307",2024-07-05 13:12:00,"peter",6.5,"MilliGM-PER-L","dissolvedOxygen",0.02
"308",2024-07-05 13:12:00,"peter",6.75,"MilliGM-PER-L","dissolvedOxygen",0.02
"309",2024-07-05 13:13:00,"peter",7,"MilliGM-PER-L","dissolvedOxygen",0.02
"310",2024-07-05 13:13:00,"peter",7.5,"MilliGM-PER-L","dissolvedOxygen",0.02
"311",2024-07-05 13:14:00,"peter",8,"MilliGM-PER-L","dissolvedOxygen",0.01
"312",2024-07-08 16:45:00,"peter",0,"MilliGM-PER-L","dissolvedOxygen",9.17
"313",2024-07-08 16:45:00,"peter",0.25,"MilliGM-PER-L","dissolvedOxygen",9.17
"314",2024-07-08 16:46:00,"peter",0.5,"MilliGM-PER-L","dissolvedOxygen",9.41
"315",2024-07-08 16:46:00,"peter",0.75,"MilliGM-PER-L","dissolvedOxygen",9.48
"316",2024-07-08 16:47:00,"peter",1,"MilliGM-PER-L","dissolvedOxygen",9.41
"317",2024-07-08 16:47:00,"peter",1.25,"MilliGM-PER-L","dissolvedOxygen",9.19
"318",2024-07-08 16:48:00,"peter",1.5,"MilliGM-PER-L","dissolvedOxygen",8.15
"319",2024-07-08 16:48:00,"peter",1.75,"MilliGM-PER-L","dissolvedOxygen",7.95
"320",2024-07-08 16:49:00,"peter",2,"MilliGM-PER-L","dissolvedOxygen",7.77
"321",2024-07-08 16:49:00,"peter",2.25,"MilliGM-PER-L","dissolvedOxygen",7.14
"322",2024-07-08 16:50:00,"peter",2.5,"MilliGM-PER-L","dissolvedOxygen",6.5
"323",2024-07-08 16:50:00,"peter",2.75,"MilliGM-PER-L","dissolvedOxygen",7.47
"324",2024-07-08 16:51:00,"peter",3,"MilliGM-PER-L","dissolvedOxygen",8.81
"325",2024-07-08 16:51:00,"peter",3.25,"MilliGM-PER-L","dissolvedOxygen",9.09
"326",2024-07-08 16:52:00,"peter",3.5,"MilliGM-PER-L","dissolvedOxygen",9.12
"327",2024-07-08 16:52:00,"peter",3.75,"MilliGM-PER-L","dissolvedOxygen",9.57
"328",2024-07-08 16:53:00,"peter",4,"MilliGM-PER-L","dissolvedOxygen",9.94
"329",2024-07-08 16:53:00,"peter",4.25,"MilliGM-PER-L","dissolvedOxygen",10.51
"330",2024-07-08 16:54:00,"peter",4.5,"MilliGM-PER-L","dissolvedOxygen",10.49
"331",2024-07-08 16:54:00,"peter",4.75,"MilliGM-PER-L","dissolvedOxygen",9.83
"332",2024-07-08 16:55:00,"peter",5,"MilliGM-PER-L","dissolvedOxygen",8.37
"333",2024-07-08 16:55:00,"peter",5.25,"MilliGM-PER-L","dissolvedOxygen",6.88
"334",2024-07-08 16:56:00,"peter",5.5,"MilliGM-PER-L","dissolvedOxygen",4.02
"335",2024-07-08 16:56:00,"peter",5.75,"MilliGM-PER-L","dissolvedOxygen",1.26
"336",2024-07-08 16:57:00,"peter",6,"MilliGM-PER-L","dissolvedOxygen",0.21
"337",2024-07-08 16:57:00,"peter",6.25,"MilliGM-PER-L","dissolvedOxygen",0.05
"338",2024-07-08 16:58:00,"peter",6.5,"MilliGM-PER-L","dissolvedOxygen",0.03
"339",2024-07-08 16:58:00,"peter",6.75,"MilliGM-PER-L","dissolvedOxygen",0.03
"340",2024-07-08 16:59:00,"peter",7,"MilliGM-PER-L","dissolvedOxygen",0.02
"341",2024-07-08 16:59:00,"peter",7.5,"MilliGM-PER-L","dissolvedOxygen",0.03
"342",2024-07-08 17:00:00,"peter",8,"MilliGM-PER-L","dissolvedOxygen",0.03
"343",2024-07-10 13:33:00,"peter",0,"MilliGM-PER-L","dissolvedOxygen",9.47
"344",2024-07-10 13:33:00,"peter",0.25,"MilliGM-PER-L","dissolvedOxygen",9.53
"345",2024-07-10 13:34:00,"peter",0.5,"MilliGM-PER-L","dissolvedOxygen",9.64
"346",2024-07-10 13:34:00,"peter",0.75,"MilliGM-PER-L","dissolvedOxygen",9.64
"347",2024-07-10 13:35:00,"peter",1,"MilliGM-PER-L","dissolvedOxygen",9.6
"348",2024-07-10 13:35:00,"peter",1.25,"MilliGM-PER-L","dissolvedOxygen",9.78
"349",2024-07-10 13:36:00,"peter",1.5,"MilliGM-PER-L","dissolvedOxygen",9.25
"350",2024-07-10 13:36:00,"peter",1.75,"MilliGM-PER-L","dissolvedOxygen",8.4
"351",2024-07-10 13:37:00,"peter",2,"MilliGM-PER-L","dissolvedOxygen",7.71
"352",2024-07-10 13:37:00,"peter",2.25,"MilliGM-PER-L","dissolvedOxygen",7.16
"353",2024-07-10 13:38:00,"peter",2.5,"MilliGM-PER-L","dissolvedOxygen",6.69
"354",2024-07-10 13:38:00,"peter",2.75,"MilliGM-PER-L","dissolvedOxygen",7.48
"355",2024-07-10 13:39:00,"peter",3,"MilliGM-PER-L","dissolvedOxygen",8.44
"356",2024-07-10 13:39:00,"peter",3.25,"MilliGM-PER-L","dissolvedOxygen",9.18
"357",2024-07-10 13:40:00,"peter",3.5,"MilliGM-PER-L","dissolvedOxygen",9.11
"358",2024-07-10 13:40:00,"peter",3.75,"MilliGM-PER-L","dissolvedOxygen",8.53
"359",2024-07-10 13:41:00,"peter",4,"MilliGM-PER-L","dissolvedOxygen",8.61
"360",2024-07-10 13:41:00,"peter",4.25,"MilliGM-PER-L","dissolvedOxygen",9.69
"361",2024-07-10 13:42:00,"peter",4.5,"MilliGM-PER-L","dissolvedOxygen",10.06
"362",2024-07-10 13:42:00,"peter",4.75,"MilliGM-PER-L","dissolvedOxygen",10.33
"363",2024-07-10 13:43:00,"peter",5,"MilliGM-PER-L","dissolvedOxygen",9.82
"364",2024-07-10 13:43:00,"peter",5.25,"MilliGM-PER-L","dissolvedOxygen",7.76
"365",2024-07-10 13:44:00,"peter",5.5,"MilliGM-PER-L","dissolvedOxygen",3.45
"366",2024-07-10 13:44:00,"peter",5.75,"MilliGM-PER-L","dissolvedOxygen",0.97
"367",2024-07-10 13:45:00,"peter",6,"MilliGM-PER-L","dissolvedOxygen",0.23
"368",2024-07-10 13:45:00,"peter",6.25,"MilliGM-PER-L","dissolvedOxygen",0.05
"369",2024-07-10 13:46:00,"peter",6.5,"MilliGM-PER-L","dissolvedOxygen",0.03
"370",2024-07-10 13:46:00,"peter",6.75,"MilliGM-PER-L","dissolvedOxygen",0.01
"371",2024-07-10 13:47:00,"peter",7,"MilliGM-PER-L","dissolvedOxygen",0.02
"372",2024-07-10 13:47:00,"peter",7.5,"MilliGM-PER-L","dissolvedOxygen",0.02
"373",2024-07-10 13:48:00,"peter",8,"MilliGM-PER-L","dissolvedOxygen",0.01
"374",2024-07-12 15:51:00,"peter",0,"MilliGM-PER-L","dissolvedOxygen",9.97
"375",2024-07-12 15:51:00,"peter",0.25,"MilliGM-PER-L","dissolvedOxygen",10.07
"376",2024-07-12 15:52:00,"peter",0.5,"MilliGM-PER-L","dissolvedOxygen",10.24
"377",2024-07-12 15:52:00,"peter",0.75,"MilliGM-PER-L","dissolvedOxygen",10.2
"378",2024-07-12 15:53:00,"peter",1,"MilliGM-PER-L","dissolvedOxygen",10.02
"379",2024-07-12 15:53:00,"peter",1.25,"MilliGM-PER-L","dissolvedOxygen",9.97
"380",2024-07-12 15:54:00,"peter",1.5,"MilliGM-PER-L","dissolvedOxygen",10.4
"381",2024-07-12 15:54:00,"peter",1.75,"MilliGM-PER-L","dissolvedOxygen",9.51
"382",2024-07-12 15:55:00,"peter",2,"MilliGM-PER-L","dissolvedOxygen",7.87
"383",2024-07-12 15:55:00,"peter",2.25,"MilliGM-PER-L","dissolvedOxygen",6.95
"384",2024-07-12 15:56:00,"peter",2.5,"MilliGM-PER-L","dissolvedOxygen",6.6
"385",2024-07-12 15:56:00,"peter",2.75,"MilliGM-PER-L","dissolvedOxygen",7.37
"386",2024-07-12 15:57:00,"peter",3,"MilliGM-PER-L","dissolvedOxygen",8.25
"387",2024-07-12 15:57:00,"peter",3.25,"MilliGM-PER-L","dissolvedOxygen",8.96
"388",2024-07-12 15:58:00,"peter",3.5,"MilliGM-PER-L","dissolvedOxygen",9.13
"389",2024-07-12 15:58:00,"peter",3.75,"MilliGM-PER-L","dissolvedOxygen",9.5
"390",2024-07-12 15:59:00,"peter",4,"MilliGM-PER-L","dissolvedOxygen",9.58
"391",2024-07-12 15:59:00,"peter",4.25,"MilliGM-PER-L","dissolvedOxygen",9.89
"392",2024-07-12 16:00:00,"peter",4.5,"MilliGM-PER-L","dissolvedOxygen",10.18
"393",2024-07-12 16:00:00,"peter",4.75,"MilliGM-PER-L","dissolvedOxygen",9.63
"394",2024-07-12 16:01:00,"peter",5,"MilliGM-PER-L","dissolvedOxygen",8.6
"395",2024-07-12 16:01:00,"peter",5.25,"MilliGM-PER-L","dissolvedOxygen",7.73
"396",2024-07-12 16:02:00,"peter",5.5,"MilliGM-PER-L","dissolvedOxygen",4.58
"397",2024-07-12 16:02:00,"peter",5.75,"MilliGM-PER-L","dissolvedOxygen",1.05
"398",2024-07-12 16:03:00,"peter",6,"MilliGM-PER-L","dissolvedOxygen",0.22
"399",2024-07-12 16:03:00,"peter",6.25,"MilliGM-PER-L","dissolvedOxygen",0.06
"400",2024-07-12 16:04:00,"peter",6.5,"MilliGM-PER-L","dissolvedOxygen",0.03
"401",2024-07-12 16:04:00,"peter",6.75,"MilliGM-PER-L","dissolvedOxygen",0.03
"402",2024-07-12 16:05:00,"peter",7,"MilliGM-PER-L","dissolvedOxygen",0.03
"403",2024-07-12 16:05:00,"peter",7.5,"MilliGM-PER-L","dissolvedOxygen",0.02
"404",2024-07-12 16:06:00,"peter",8,"MilliGM-PER-L","dissolvedOxygen",0.02
"405",2024-07-15 14:53:00,"peter",0,"MilliGM-PER-L","dissolvedOxygen",10.46
"406",2024-07-15 14:53:00,"peter",0.25,"MilliGM-PER-L","dissolvedOxygen",10.43
"407",2024-07-15 14:54:00,"peter",0.5,"MilliGM-PER-L","dissolvedOxygen",10.66
"408",2024-07-15 14:54:00,"peter",0.75,"MilliGM-PER-L","dissolvedOxygen",10.96
"409",2024-07-15 14:55:00,"peter",1,"MilliGM-PER-L","dissolvedOxygen",10.79
"410",2024-07-15 14:55:00,"peter",1.25,"MilliGM-PER-L","dissolvedOxygen",10.58
"411",2024-07-15 14:56:00,"peter",1.5,"MilliGM-PER-L","dissolvedOxygen",9.99
"412",2024-07-15 14:56:00,"peter",1.75,"MilliGM-PER-L","dissolvedOxygen",10.68
"413",2024-07-15 14:57:00,"peter",2,"MilliGM-PER-L","dissolvedOxygen",9.66
"414",2024-07-15 14:57:00,"peter",2.25,"MilliGM-PER-L","dissolvedOxygen",8.6
"415",2024-07-15 14:58:00,"peter",2.5,"MilliGM-PER-L","dissolvedOxygen",6.96
"416",2024-07-15 14:58:00,"peter",2.75,"MilliGM-PER-L","dissolvedOxygen",7.17
"417",2024-07-15 14:59:00,"peter",3,"MilliGM-PER-L","dissolvedOxygen",7.85
"418",2024-07-15 14:59:00,"peter",3.25,"MilliGM-PER-L","dissolvedOxygen",8.51
"419",2024-07-15 15:00:00,"peter",3.5,"MilliGM-PER-L","dissolvedOxygen",9.16
"420",2024-07-15 15:00:00,"peter",3.75,"MilliGM-PER-L","dissolvedOxygen",9.47
"421",2024-07-15 15:01:00,"peter",4,"MilliGM-PER-L","dissolvedOxygen",8.92
"422",2024-07-15 15:01:00,"peter",4.25,"MilliGM-PER-L","dissolvedOxygen",9.9
"423",2024-07-15 15:02:00,"peter",4.5,"MilliGM-PER-L","dissolvedOxygen",10.05
"424",2024-07-15 15:02:00,"peter",4.75,"MilliGM-PER-L","dissolvedOxygen",9.88
"425",2024-07-15 15:03:00,"peter",5,"MilliGM-PER-L","dissolvedOxygen",9.26
"426",2024-07-15 15:03:00,"peter",5.25,"MilliGM-PER-L","dissolvedOxygen",8.31
"427",2024-07-15 15:04:00,"peter",5.5,"MilliGM-PER-L","dissolvedOxygen",3.71
"428",2024-07-15 15:04:00,"peter",5.75,"MilliGM-PER-L","dissolvedOxygen",0.82
"429",2024-07-15 15:05:00,"peter",6,"MilliGM-PER-L","dissolvedOxygen",0.15
"430",2024-07-15 15:05:00,"peter",6.25,"MilliGM-PER-L","dissolvedOxygen",0.07
"431",2024-07-15 15:06:00,"peter",6.5,"MilliGM-PER-L","dissolvedOxygen",0.05
"432",2024-07-15 15:06:00,"peter",6.75,"MilliGM-PER-L","dissolvedOxygen",0.02
"433",2024-07-15 15:07:00,"peter",7,"MilliGM-PER-L","dissolvedOxygen",0.03
"434",2024-07-15 15:07:00,"peter",7.5,"MilliGM-PER-L","dissolvedOxygen",0.03
"435",2024-07-15 15:08:00,"peter",8,"MilliGM-PER-L","dissolvedOxygen",0.02
"436",2024-07-17 13:51:00,"peter",0,"MilliGM-PER-L","dissolvedOxygen",10.05
"437",2024-07-17 13:51:00,"peter",0.25,"MilliGM-PER-L","dissolvedOxygen",10.14
"438",2024-07-17 13:52:00,"peter",0.5,"MilliGM-PER-L","dissolvedOxygen",10.14
"439",2024-07-17 13:52:00,"peter",0.75,"MilliGM-PER-L","dissolvedOxygen",10.11
"440",2024-07-17 13:53:00,"peter",1,"MilliGM-PER-L","dissolvedOxygen",10.17
"441",2024-07-17 13:53:00,"peter",1.25,"MilliGM-PER-L","dissolvedOxygen",10.18
"442",2024-07-17 13:54:00,"peter",1.5,"MilliGM-PER-L","dissolvedOxygen",10.17
"443",2024-07-17 13:54:00,"peter",1.75,"MilliGM-PER-L","dissolvedOxygen",9.12
"444",2024-07-17 13:55:00,"peter",2,"MilliGM-PER-L","dissolvedOxygen",7.66
"445",2024-07-17 13:55:00,"peter",2.25,"MilliGM-PER-L","dissolvedOxygen",6.7
"446",2024-07-17 13:56:00,"peter",2.5,"MilliGM-PER-L","dissolvedOxygen",7.19
"447",2024-07-17 13:56:00,"peter",2.75,"MilliGM-PER-L","dissolvedOxygen",7.64
"448",2024-07-17 13:57:00,"peter",3,"MilliGM-PER-L","dissolvedOxygen",7.92
"449",2024-07-17 13:57:00,"peter",3.25,"MilliGM-PER-L","dissolvedOxygen",8.32
"450",2024-07-17 13:58:00,"peter",3.5,"MilliGM-PER-L","dissolvedOxygen",8.73
"451",2024-07-17 13:58:00,"peter",3.75,"MilliGM-PER-L","dissolvedOxygen",9.01
"452",2024-07-17 13:59:00,"peter",4,"MilliGM-PER-L","dissolvedOxygen",8.6
"453",2024-07-17 13:59:00,"peter",4.25,"MilliGM-PER-L","dissolvedOxygen",8.65
"454",2024-07-17 14:00:00,"peter",4.5,"MilliGM-PER-L","dissolvedOxygen",9.24
"455",2024-07-17 14:00:00,"peter",4.75,"MilliGM-PER-L","dissolvedOxygen",8.64
"456",2024-07-17 14:01:00,"peter",5,"MilliGM-PER-L","dissolvedOxygen",7.64
"457",2024-07-17 14:01:00,"peter",5.25,"MilliGM-PER-L","dissolvedOxygen",5.06
"458",2024-07-17 14:02:00,"peter",5.5,"MilliGM-PER-L","dissolvedOxygen",2.14
"459",2024-07-17 14:02:00,"peter",5.75,"MilliGM-PER-L","dissolvedOxygen",0.29
"460",2024-07-17 14:03:00,"peter",6,"MilliGM-PER-L","dissolvedOxygen",0.08
"461",2024-07-17 14:03:00,"peter",6.25,"MilliGM-PER-L","dissolvedOxygen",0.02
"462",2024-07-17 14:04:00,"peter",6.5,"MilliGM-PER-L","dissolvedOxygen",0.02
"463",2024-07-17 14:04:00,"peter",6.75,"MilliGM-PER-L","dissolvedOxygen",0.02
"464",2024-07-17 14:05:00,"peter",7,"MilliGM-PER-L","dissolvedOxygen",0.02
"465",2024-07-17 14:05:00,"peter",7.5,"MilliGM-PER-L","dissolvedOxygen",0.02
"466",2024-07-17 14:06:00,"peter",8,"MilliGM-PER-L","dissolvedOxygen",0.01
"467",2024-07-19 14:51:00,"peter",0,"MilliGM-PER-L","dissolvedOxygen",11.24
"468",2024-07-19 14:51:00,"peter",0.25,"MilliGM-PER-L","dissolvedOxygen",11.32
"469",2024-07-19 14:52:00,"peter",0.5,"MilliGM-PER-L","dissolvedOxygen",11.33
"470",2024-07-19 14:52:00,"peter",0.75,"MilliGM-PER-L","dissolvedOxygen",11.18
"471",2024-07-19 14:53:00,"peter",1,"MilliGM-PER-L","dissolvedOxygen",10.68
"472",2024-07-19 14:53:00,"peter",1.25,"MilliGM-PER-L","dissolvedOxygen",9.99
"473",2024-07-19 14:54:00,"peter",1.5,"MilliGM-PER-L","dissolvedOxygen",8.05
"474",2024-07-19 14:54:00,"peter",1.75,"MilliGM-PER-L","dissolvedOxygen",6.22
"475",2024-07-19 14:55:00,"peter",2,"MilliGM-PER-L","dissolvedOxygen",7.08
"476",2024-07-19 14:55:00,"peter",2.25,"MilliGM-PER-L","dissolvedOxygen",6.94
"477",2024-07-19 14:56:00,"peter",2.5,"MilliGM-PER-L","dissolvedOxygen",6.56
"478",2024-07-19 14:56:00,"peter",2.75,"MilliGM-PER-L","dissolvedOxygen",7.61
"479",2024-07-19 14:57:00,"peter",3,"MilliGM-PER-L","dissolvedOxygen",8.65
"480",2024-07-19 14:57:00,"peter",3.25,"MilliGM-PER-L","dissolvedOxygen",8.88
"481",2024-07-19 14:58:00,"peter",3.5,"MilliGM-PER-L","dissolvedOxygen",9.19
"482",2024-07-19 14:58:00,"peter",3.75,"MilliGM-PER-L","dissolvedOxygen",9.71
"483",2024-07-19 14:59:00,"peter",4,"MilliGM-PER-L","dissolvedOxygen",9.45
"484",2024-07-19 14:59:00,"peter",4.25,"MilliGM-PER-L","dissolvedOxygen",9.39
"485",2024-07-19 15:00:00,"peter",4.5,"MilliGM-PER-L","dissolvedOxygen",8.44
"486",2024-07-19 15:00:00,"peter",4.75,"MilliGM-PER-L","dissolvedOxygen",6.77
"487",2024-07-19 15:01:00,"peter",5,"MilliGM-PER-L","dissolvedOxygen",3.52
"488",2024-07-19 15:01:00,"peter",5.25,"MilliGM-PER-L","dissolvedOxygen",1.29
"489",2024-07-19 15:02:00,"peter",5.5,"MilliGM-PER-L","dissolvedOxygen",0.17
"490",2024-07-19 15:02:00,"peter",5.75,"MilliGM-PER-L","dissolvedOxygen",0.04
"491",2024-07-19 15:03:00,"peter",6,"MilliGM-PER-L","dissolvedOxygen",0.03
"492",2024-07-19 15:03:00,"peter",6.25,"MilliGM-PER-L","dissolvedOxygen",0.03
"493",2024-07-19 15:04:00,"peter",6.5,"MilliGM-PER-L","dissolvedOxygen",0.02
"494",2024-07-19 15:04:00,"peter",6.75,"MilliGM-PER-L","dissolvedOxygen",0.03
"495",2024-07-19 15:05:00,"peter",7,"MilliGM-PER-L","dissolvedOxygen",0.02
"496",2024-07-19 15:05:00,"peter",7.5,"MilliGM-PER-L","dissolvedOxygen",0.02
"497",2024-07-19 15:06:00,"peter",8,"MilliGM-PER-L","dissolvedOxygen",0.02
"498",2024-07-22 14:07:00,"peter",0,"MilliGM-PER-L","dissolvedOxygen",10.71
"499",2024-07-22 14:07:00,"peter",0.25,"MilliGM-PER-L","dissolvedOxygen",10.86
"500",2024-07-22 14:08:00,"peter",0.5,"MilliGM-PER-L","dissolvedOxygen",10.95
"501",2024-07-22 14:08:00,"peter",0.75,"MilliGM-PER-L","dissolvedOxygen",11.05
"502",2024-07-22 14:09:00,"peter",1,"MilliGM-PER-L","dissolvedOxygen",11.03
"503",2024-07-22 14:09:00,"peter",1.25,"MilliGM-PER-L","dissolvedOxygen",10.86
"504",2024-07-22 14:10:00,"peter",1.5,"MilliGM-PER-L","dissolvedOxygen",10.46
"505",2024-07-22 14:10:00,"peter",1.75,"MilliGM-PER-L","dissolvedOxygen",9.46
"506",2024-07-22 14:11:00,"peter",2,"MilliGM-PER-L","dissolvedOxygen",7.34
"507",2024-07-22 14:11:00,"peter",2.25,"MilliGM-PER-L","dissolvedOxygen",6.42
"508",2024-07-22 14:12:00,"peter",2.5,"MilliGM-PER-L","dissolvedOxygen",7.12
"509",2024-07-22 14:12:00,"peter",2.75,"MilliGM-PER-L","dissolvedOxygen",7.89
"510",2024-07-22 14:13:00,"peter",3,"MilliGM-PER-L","dissolvedOxygen",8.02
"511",2024-07-22 14:13:00,"peter",3.25,"MilliGM-PER-L","dissolvedOxygen",8.05
"512",2024-07-22 14:14:00,"peter",3.5,"MilliGM-PER-L","dissolvedOxygen",8.16
"513",2024-07-22 14:14:00,"peter",3.75,"MilliGM-PER-L","dissolvedOxygen",8.5
"514",2024-07-22 14:15:00,"peter",4,"MilliGM-PER-L","dissolvedOxygen",7.9
"515",2024-07-22 14:15:00,"peter",4.25,"MilliGM-PER-L","dissolvedOxygen",8.98
"516",2024-07-22 14:16:00,"peter",4.5,"MilliGM-PER-L","dissolvedOxygen",9.13
"517",2024-07-22 14:16:00,"peter",4.75,"MilliGM-PER-L","dissolvedOxygen",8.56
"518",2024-07-22 14:17:00,"peter",5,"MilliGM-PER-L","dissolvedOxygen",7.79
"519",2024-07-22 14:17:00,"peter",5.25,"MilliGM-PER-L","dissolvedOxygen",5.25
"520",2024-07-22 14:18:00,"peter",5.5,"MilliGM-PER-L","dissolvedOxygen",3.94
"521",2024-07-22 14:18:00,"peter",5.75,"MilliGM-PER-L","dissolvedOxygen",0.52
"522",2024-07-22 14:19:00,"peter",6,"MilliGM-PER-L","dissolvedOxygen",0.07
"523",2024-07-22 14:19:00,"peter",6.25,"MilliGM-PER-L","dissolvedOxygen",0.04
"524",2024-07-22 14:20:00,"peter",6.5,"MilliGM-PER-L","dissolvedOxygen",0.03
"525",2024-07-22 14:20:00,"peter",6.75,"MilliGM-PER-L","dissolvedOxygen",0.03
"526",2024-07-22 14:21:00,"peter",7,"MilliGM-PER-L","dissolvedOxygen",0.03
"527",2024-07-22 14:21:00,"peter",7.5,"MilliGM-PER-L","dissolvedOxygen",0.03
"528",2024-07-22 14:22:00,"peter",8,"MilliGM-PER-L","dissolvedOxygen",0.03
"529",2024-07-24 13:41:00,"peter",0,"MilliGM-PER-L","dissolvedOxygen",10.04
"530",2024-07-24 13:41:00,"peter",0.25,"MilliGM-PER-L","dissolvedOxygen",10.08
"531",2024-07-24 13:42:00,"peter",0.5,"MilliGM-PER-L","dissolvedOxygen",10.14
"532",2024-07-24 13:42:00,"peter",0.75,"MilliGM-PER-L","dissolvedOxygen",10.38
"533",2024-07-24 13:43:00,"peter",1,"MilliGM-PER-L","dissolvedOxygen",10.47
"534",2024-07-24 13:43:00,"peter",1.25,"MilliGM-PER-L","dissolvedOxygen",10.41
"535",2024-07-24 13:44:00,"peter",1.5,"MilliGM-PER-L","dissolvedOxygen",10.42
"536",2024-07-24 13:44:00,"peter",1.75,"MilliGM-PER-L","dissolvedOxygen",9.6
"537",2024-07-24 13:45:00,"peter",2,"MilliGM-PER-L","dissolvedOxygen",7.21
"538",2024-07-24 13:45:00,"peter",2.25,"MilliGM-PER-L","dissolvedOxygen",6.4
"539",2024-07-24 13:46:00,"peter",2.5,"MilliGM-PER-L","dissolvedOxygen",6.52
"540",2024-07-24 13:46:00,"peter",2.75,"MilliGM-PER-L","dissolvedOxygen",6.65
"541",2024-07-24 13:47:00,"peter",3,"MilliGM-PER-L","dissolvedOxygen",6.17
"542",2024-07-24 13:47:00,"peter",3.25,"MilliGM-PER-L","dissolvedOxygen",5.78
"543",2024-07-24 13:48:00,"peter",3.5,"MilliGM-PER-L","dissolvedOxygen",7.35
"544",2024-07-24 13:48:00,"peter",3.75,"MilliGM-PER-L","dissolvedOxygen",7.75
"545",2024-07-24 13:49:00,"peter",4,"MilliGM-PER-L","dissolvedOxygen",9.14
"546",2024-07-24 13:49:00,"peter",4.25,"MilliGM-PER-L","dissolvedOxygen",9.88
"547",2024-07-24 13:50:00,"peter",4.5,"MilliGM-PER-L","dissolvedOxygen",9.46
"548",2024-07-24 13:50:00,"peter",4.75,"MilliGM-PER-L","dissolvedOxygen",8.69
"549",2024-07-24 13:51:00,"peter",5,"MilliGM-PER-L","dissolvedOxygen",7.34
"550",2024-07-24 13:51:00,"peter",5.25,"MilliGM-PER-L","dissolvedOxygen",4.77
"551",2024-07-24 13:52:00,"peter",5.5,"MilliGM-PER-L","dissolvedOxygen",1.43
"552",2024-07-24 13:52:00,"peter",5.75,"MilliGM-PER-L","dissolvedOxygen",0.29
"553",2024-07-24 13:53:00,"peter",6,"MilliGM-PER-L","dissolvedOxygen",0.07
"554",2024-07-24 13:53:00,"peter",6.25,"MilliGM-PER-L","dissolvedOxygen",0.03
"555",2024-07-24 13:54:00,"peter",6.5,"MilliGM-PER-L","dissolvedOxygen",0.03
"556",2024-07-24 13:54:00,"peter",6.75,"MilliGM-PER-L","dissolvedOxygen",0.03
"557",2024-07-24 13:55:00,"peter",7,"MilliGM-PER-L","dissolvedOxygen",0.03
"558",2024-07-24 13:55:00,"peter",7.5,"MilliGM-PER-L","dissolvedOxygen",0.03
"559",2024-07-24 13:56:00,"peter",8,"MilliGM-PER-L","dissolvedOxygen",0.03
"560",2024-07-26 16:00:00,"peter",0,"MilliGM-PER-L","dissolvedOxygen",10.15
"561",2024-07-26 16:00:00,"peter",0.25,"MilliGM-PER-L","dissolvedOxygen",10.24
"562",2024-07-26 16:01:00,"peter",0.5,"MilliGM-PER-L","dissolvedOxygen",10.39
"563",2024-07-26 16:01:00,"peter",0.75,"MilliGM-PER-L","dissolvedOxygen",10.83
"564",2024-07-26 16:02:00,"peter",1,"MilliGM-PER-L","dissolvedOxygen",10.79
"565",2024-07-26 16:02:00,"peter",1.25,"MilliGM-PER-L","dissolvedOxygen",10.46
"566",2024-07-26 16:03:00,"peter",1.5,"MilliGM-PER-L","dissolvedOxygen",10.54
"567",2024-07-26 16:03:00,"peter",1.75,"MilliGM-PER-L","dissolvedOxygen",10.48
"568",2024-07-26 16:04:00,"peter",2,"MilliGM-PER-L","dissolvedOxygen",7.52
"569",2024-07-26 16:04:00,"peter",2.25,"MilliGM-PER-L","dissolvedOxygen",5.83
"570",2024-07-26 16:05:00,"peter",2.5,"MilliGM-PER-L","dissolvedOxygen",6.18
"571",2024-07-26 16:05:00,"peter",2.75,"MilliGM-PER-L","dissolvedOxygen",7.66
"572",2024-07-26 16:06:00,"peter",3,"MilliGM-PER-L","dissolvedOxygen",8.15
"573",2024-07-26 16:06:00,"peter",3.25,"MilliGM-PER-L","dissolvedOxygen",8.21
"574",2024-07-26 16:07:00,"peter",3.5,"MilliGM-PER-L","dissolvedOxygen",7.1
"575",2024-07-26 16:07:00,"peter",3.75,"MilliGM-PER-L","dissolvedOxygen",8.43
"576",2024-07-26 16:08:00,"peter",4,"MilliGM-PER-L","dissolvedOxygen",9.21
"577",2024-07-26 16:08:00,"peter",4.25,"MilliGM-PER-L","dissolvedOxygen",9.77
"578",2024-07-26 16:09:00,"peter",4.5,"MilliGM-PER-L","dissolvedOxygen",9.47
"579",2024-07-26 16:09:00,"peter",4.75,"MilliGM-PER-L","dissolvedOxygen",8.73
"580",2024-07-26 16:10:00,"peter",5,"MilliGM-PER-L","dissolvedOxygen",6.95
"581",2024-07-26 16:10:00,"peter",5.25,"MilliGM-PER-L","dissolvedOxygen",3.88
"582",2024-07-26 16:11:00,"peter",5.5,"MilliGM-PER-L","dissolvedOxygen",0.66
"583",2024-07-26 16:11:00,"peter",5.75,"MilliGM-PER-L","dissolvedOxygen",0.1
"584",2024-07-26 16:12:00,"peter",6,"MilliGM-PER-L","dissolvedOxygen",0.05
"585",2024-07-26 16:12:00,"peter",6.25,"MilliGM-PER-L","dissolvedOxygen",0.03
"586",2024-07-26 16:13:00,"peter",6.5,"MilliGM-PER-L","dissolvedOxygen",0.04
"587",2024-07-26 16:13:00,"peter",6.75,"MilliGM-PER-L","dissolvedOxygen",0.04
"588",2024-07-26 16:14:00,"peter",7,"MilliGM-PER-L","dissolvedOxygen",0.03
"589",2024-07-26 16:14:00,"peter",7.5,"MilliGM-PER-L","dissolvedOxygen",0.04
"590",2024-07-26 16:15:00,"peter",8,"MilliGM-PER-L","dissolvedOxygen",0.03
"591",2024-07-29 14:40:00,"peter",0,"MilliGM-PER-L","dissolvedOxygen",9.38
"592",2024-07-29 14:40:00,"peter",0.25,"MilliGM-PER-L","dissolvedOxygen",9.48
"593",2024-07-29 14:41:00,"peter",0.5,"MilliGM-PER-L","dissolvedOxygen",9.54
"594",2024-07-29 14:41:00,"peter",0.75,"MilliGM-PER-L","dissolvedOxygen",9.68
"595",2024-07-29 14:42:00,"peter",1,"MilliGM-PER-L","dissolvedOxygen",10.11
"596",2024-07-29 14:42:00,"peter",1.25,"MilliGM-PER-L","dissolvedOxygen",10.81
"597",2024-07-29 14:43:00,"peter",1.5,"MilliGM-PER-L","dissolvedOxygen",11.04
"598",2024-07-29 14:43:00,"peter",1.75,"MilliGM-PER-L","dissolvedOxygen",9.94
"599",2024-07-29 14:44:00,"peter",2,"MilliGM-PER-L","dissolvedOxygen",6.11
"600",2024-07-29 14:44:00,"peter",2.25,"MilliGM-PER-L","dissolvedOxygen",4.86
"601",2024-07-29 14:45:00,"peter",2.5,"MilliGM-PER-L","dissolvedOxygen",5.23
"602",2024-07-29 14:45:00,"peter",2.75,"MilliGM-PER-L","dissolvedOxygen",5.54
"603",2024-07-29 14:46:00,"peter",3,"MilliGM-PER-L","dissolvedOxygen",6.27
"604",2024-07-29 14:46:00,"peter",3.25,"MilliGM-PER-L","dissolvedOxygen",6.7
"605",2024-07-29 14:47:00,"peter",3.5,"MilliGM-PER-L","dissolvedOxygen",7.41
"606",2024-07-29 14:47:00,"peter",3.75,"MilliGM-PER-L","dissolvedOxygen",8.18
"607",2024-07-29 14:48:00,"peter",4,"MilliGM-PER-L","dissolvedOxygen",8.9
"608",2024-07-29 14:48:00,"peter",4.25,"MilliGM-PER-L","dissolvedOxygen",9.03
"609",2024-07-29 14:49:00,"peter",4.5,"MilliGM-PER-L","dissolvedOxygen",8.42
"610",2024-07-29 14:49:00,"peter",4.75,"MilliGM-PER-L","dissolvedOxygen",7.74
"611",2024-07-29 14:50:00,"peter",5,"MilliGM-PER-L","dissolvedOxygen",5.98
"612",2024-07-29 14:50:00,"peter",5.25,"MilliGM-PER-L","dissolvedOxygen",2.17
"613",2024-07-29 14:51:00,"peter",5.5,"MilliGM-PER-L","dissolvedOxygen",0.6
"614",2024-07-29 14:51:00,"peter",5.75,"MilliGM-PER-L","dissolvedOxygen",0.12
"615",2024-07-29 14:52:00,"peter",6,"MilliGM-PER-L","dissolvedOxygen",0.04
"616",2024-07-29 14:52:00,"peter",6.25,"MilliGM-PER-L","dissolvedOxygen",0.03
"617",2024-07-29 14:53:00,"peter",6.5,"MilliGM-PER-L","dissolvedOxygen",0.03
"618",2024-07-29 14:53:00,"peter",6.75,"MilliGM-PER-L","dissolvedOxygen",0.03
"619",2024-07-29 14:54:00,"peter",7,"MilliGM-PER-L","dissolvedOxygen",0.03
"620",2024-07-29 14:54:00,"peter",7.5,"MilliGM-PER-L","dissolvedOxygen",0.04
"621",2024-07-29 14:55:00,"peter",8,"MilliGM-PER-L","dissolvedOxygen",0.03
"622",2024-07-31 13:44:00,"peter",0,"MilliGM-PER-L","dissolvedOxygen",9.51
"623",2024-07-31 13:44:00,"peter",0.25,"MilliGM-PER-L","dissolvedOxygen",9.76
"624",2024-07-31 13:45:00,"peter",0.5,"MilliGM-PER-L","dissolvedOxygen",10.03
"625",2024-07-31 13:45:00,"peter",0.75,"MilliGM-PER-L","dissolvedOxygen",10.16
"626",2024-07-31 13:46:00,"peter",1,"MilliGM-PER-L","dissolvedOxygen",10.03
"627",2024-07-31 13:46:00,"peter",1.25,"MilliGM-PER-L","dissolvedOxygen",9.98
"628",2024-07-31 13:47:00,"peter",1.5,"MilliGM-PER-L","dissolvedOxygen",9.99
"629",2024-07-31 13:47:00,"peter",1.75,"MilliGM-PER-L","dissolvedOxygen",9.61
"630",2024-07-31 13:48:00,"peter",2,"MilliGM-PER-L","dissolvedOxygen",6.75
"631",2024-07-31 13:48:00,"peter",2.25,"MilliGM-PER-L","dissolvedOxygen",5.35
"632",2024-07-31 13:49:00,"peter",2.5,"MilliGM-PER-L","dissolvedOxygen",5.52
"633",2024-07-31 13:49:00,"peter",2.75,"MilliGM-PER-L","dissolvedOxygen",5.62
"634",2024-07-31 13:50:00,"peter",3,"MilliGM-PER-L","dissolvedOxygen",5.01
"635",2024-07-31 13:50:00,"peter",3.25,"MilliGM-PER-L","dissolvedOxygen",5.46
"636",2024-07-31 13:51:00,"peter",3.5,"MilliGM-PER-L","dissolvedOxygen",6.16
"637",2024-07-31 13:51:00,"peter",3.75,"MilliGM-PER-L","dissolvedOxygen",7.46
"638",2024-07-31 13:52:00,"peter",4,"MilliGM-PER-L","dissolvedOxygen",8.34
"639",2024-07-31 13:52:00,"peter",4.25,"MilliGM-PER-L","dissolvedOxygen",8.79
"640",2024-07-31 13:53:00,"peter",4.5,"MilliGM-PER-L","dissolvedOxygen",8.59
"641",2024-07-31 13:53:00,"peter",4.75,"MilliGM-PER-L","dissolvedOxygen",7.79
"642",2024-07-31 13:54:00,"peter",5,"MilliGM-PER-L","dissolvedOxygen",6.41
"643",2024-07-31 13:54:00,"peter",5.25,"MilliGM-PER-L","dissolvedOxygen",2.08
"644",2024-07-31 13:55:00,"peter",5.5,"MilliGM-PER-L","dissolvedOxygen",0.36
"645",2024-07-31 13:55:00,"peter",5.75,"MilliGM-PER-L","dissolvedOxygen",0.08
"646",2024-07-31 13:56:00,"peter",6,"MilliGM-PER-L","dissolvedOxygen",0.03
"647",2024-07-31 13:56:00,"peter",6.25,"MilliGM-PER-L","dissolvedOxygen",0.03
"648",2024-07-31 13:57:00,"peter",6.5,"MilliGM-PER-L","dissolvedOxygen",0.03
"649",2024-07-31 13:57:00,"peter",6.75,"MilliGM-PER-L","dissolvedOxygen",0.03
"650",2024-07-31 13:58:00,"peter",7,"MilliGM-PER-L","dissolvedOxygen",0.03
"651",2024-07-31 13:58:00,"peter",7.5,"MilliGM-PER-L","dissolvedOxygen",0.03
"652",2024-07-31 13:59:00,"peter",8,"MilliGM-PER-L","dissolvedOxygen",0.03
"653",2024-08-02 10:52:00,"peter",0,"MilliGM-PER-L","dissolvedOxygen",9.98
"654",2024-08-02 10:52:00,"peter",0.25,"MilliGM-PER-L","dissolvedOxygen",10.04
"655",2024-08-02 10:53:00,"peter",0.5,"MilliGM-PER-L","dissolvedOxygen",10.23
"656",2024-08-02 10:53:00,"peter",0.75,"MilliGM-PER-L","dissolvedOxygen",10.23
"657",2024-08-02 10:54:00,"peter",1,"MilliGM-PER-L","dissolvedOxygen",10.21
"658",2024-08-02 10:54:00,"peter",1.25,"MilliGM-PER-L","dissolvedOxygen",10.17
"659",2024-08-02 10:55:00,"peter",1.5,"MilliGM-PER-L","dissolvedOxygen",10.15
"660",2024-08-02 10:55:00,"peter",1.75,"MilliGM-PER-L","dissolvedOxygen",10.03
"661",2024-08-02 10:56:00,"peter",2,"MilliGM-PER-L","dissolvedOxygen",6.86
"662",2024-08-02 10:56:00,"peter",2.25,"MilliGM-PER-L","dissolvedOxygen",4.69
"663",2024-08-02 10:57:00,"peter",2.5,"MilliGM-PER-L","dissolvedOxygen",5.3
"664",2024-08-02 10:57:00,"peter",2.75,"MilliGM-PER-L","dissolvedOxygen",6.34
"665",2024-08-02 10:58:00,"peter",3,"MilliGM-PER-L","dissolvedOxygen",6.63
"666",2024-08-02 10:58:00,"peter",3.25,"MilliGM-PER-L","dissolvedOxygen",5.97
"667",2024-08-02 10:59:00,"peter",3.5,"MilliGM-PER-L","dissolvedOxygen",6.04
"668",2024-08-02 10:59:00,"peter",3.75,"MilliGM-PER-L","dissolvedOxygen",7.25
"669",2024-08-02 11:00:00,"peter",4,"MilliGM-PER-L","dissolvedOxygen",8.09
"670",2024-08-02 11:00:00,"peter",4.25,"MilliGM-PER-L","dissolvedOxygen",8.36
"671",2024-08-02 11:01:00,"peter",4.5,"MilliGM-PER-L","dissolvedOxygen",7.85
"672",2024-08-02 11:01:00,"peter",4.75,"MilliGM-PER-L","dissolvedOxygen",6.95
"673",2024-08-02 11:02:00,"peter",5,"MilliGM-PER-L","dissolvedOxygen",5.2
"674",2024-08-02 11:02:00,"peter",5.25,"MilliGM-PER-L","dissolvedOxygen",2.79
"675",2024-08-02 11:03:00,"peter",5.5,"MilliGM-PER-L","dissolvedOxygen",0.95
"676",2024-08-02 11:03:00,"peter",5.75,"MilliGM-PER-L","dissolvedOxygen",0.3
"677",2024-08-02 11:04:00,"peter",6,"MilliGM-PER-L","dissolvedOxygen",0.07
"678",2024-08-02 11:04:00,"peter",6.25,"MilliGM-PER-L","dissolvedOxygen",0.03
"679",2024-08-02 11:05:00,"peter",6.5,"MilliGM-PER-L","dissolvedOxygen",0.04
"680",2024-08-02 11:05:00,"peter",6.75,"MilliGM-PER-L","dissolvedOxygen",0.02
"681",2024-08-02 11:06:00,"peter",7,"MilliGM-PER-L","dissolvedOxygen",0.03
"682",2024-08-02 11:06:00,"peter",7.5,"MilliGM-PER-L","dissolvedOxygen",0.03
"683",2024-08-02 11:07:00,"peter",8,"MilliGM-PER-L","dissolvedOxygen",0.02
"684",2024-08-05 15:58:00,"peter",0,"MilliGM-PER-L","dissolvedOxygen",10.1
"685",2024-08-05 15:58:00,"peter",0.25,"MilliGM-PER-L","dissolvedOxygen",10.1
"686",2024-08-05 15:59:00,"peter",0.5,"MilliGM-PER-L","dissolvedOxygen",10.16
"687",2024-08-05 15:59:00,"peter",0.75,"MilliGM-PER-L","dissolvedOxygen",10.15
"688",2024-08-05 16:00:00,"peter",1,"MilliGM-PER-L","dissolvedOxygen",10.31
"689",2024-08-05 16:00:00,"peter",1.25,"MilliGM-PER-L","dissolvedOxygen",10.35
"690",2024-08-05 16:01:00,"peter",1.5,"MilliGM-PER-L","dissolvedOxygen",10.25
"691",2024-08-05 16:01:00,"peter",1.75,"MilliGM-PER-L","dissolvedOxygen",8.81
"692",2024-08-05 16:02:00,"peter",2,"MilliGM-PER-L","dissolvedOxygen",5.54
"693",2024-08-05 16:02:00,"peter",2.25,"MilliGM-PER-L","dissolvedOxygen",3.88
"694",2024-08-05 16:03:00,"peter",2.5,"MilliGM-PER-L","dissolvedOxygen",4.84
"695",2024-08-05 16:03:00,"peter",2.75,"MilliGM-PER-L","dissolvedOxygen",6.19
"696",2024-08-05 16:04:00,"peter",3,"MilliGM-PER-L","dissolvedOxygen",7.04
"697",2024-08-05 16:04:00,"peter",3.25,"MilliGM-PER-L","dissolvedOxygen",6.53
"698",2024-08-05 16:05:00,"peter",3.5,"MilliGM-PER-L","dissolvedOxygen",6.63
"699",2024-08-05 16:05:00,"peter",3.75,"MilliGM-PER-L","dissolvedOxygen",6.96
"700",2024-08-05 16:06:00,"peter",4,"MilliGM-PER-L","dissolvedOxygen",6.54
"701",2024-08-05 16:06:00,"peter",4.25,"MilliGM-PER-L","dissolvedOxygen",6.65
"702",2024-08-05 16:07:00,"peter",4.5,"MilliGM-PER-L","dissolvedOxygen",6.9
"703",2024-08-05 16:07:00,"peter",4.75,"MilliGM-PER-L","dissolvedOxygen",7.29
"704",2024-08-05 16:08:00,"peter",5,"MilliGM-PER-L","dissolvedOxygen",5.9
"705",2024-08-05 16:08:00,"peter",5.25,"MilliGM-PER-L","dissolvedOxygen",3.12
"706",2024-08-05 16:09:00,"peter",5.5,"MilliGM-PER-L","dissolvedOxygen",0.45
"707",2024-08-05 16:09:00,"peter",5.75,"MilliGM-PER-L","dissolvedOxygen",0.07
"708",2024-08-05 16:10:00,"peter",6,"MilliGM-PER-L","dissolvedOxygen",0.04
"709",2024-08-05 16:10:00,"peter",6.25,"MilliGM-PER-L","dissolvedOxygen",0.03
"710",2024-08-05 16:11:00,"peter",6.5,"MilliGM-PER-L","dissolvedOxygen",0.03
"711",2024-08-05 16:11:00,"peter",6.75,"MilliGM-PER-L","dissolvedOxygen",0.02
"712",2024-08-05 16:12:00,"peter",7,"MilliGM-PER-L","dissolvedOxygen",0.04
"713",2024-08-05 16:12:00,"peter",7.5,"MilliGM-PER-L","dissolvedOxygen",0.03
"714",2024-08-05 16:13:00,"peter",8,"MilliGM-PER-L","dissolvedOxygen",0.03
"715",2024-08-07 13:40:00,"peter",0,"MilliGM-PER-L","dissolvedOxygen",9.12
"716",2024-08-07 13:40:00,"peter",0.25,"MilliGM-PER-L","dissolvedOxygen",9.22
"717",2024-08-07 13:41:00,"peter",0.5,"MilliGM-PER-L","dissolvedOxygen",9.25
"718",2024-08-07 13:41:00,"peter",0.75,"MilliGM-PER-L","dissolvedOxygen",9.26
"719",2024-08-07 13:42:00,"peter",1,"MilliGM-PER-L","dissolvedOxygen",9.23
"720",2024-08-07 13:42:00,"peter",1.25,"MilliGM-PER-L","dissolvedOxygen",9.16
"721",2024-08-07 13:43:00,"peter",1.5,"MilliGM-PER-L","dissolvedOxygen",8.94
"722",2024-08-07 13:43:00,"peter",1.75,"MilliGM-PER-L","dissolvedOxygen",8.63
"723",2024-08-07 13:44:00,"peter",2,"MilliGM-PER-L","dissolvedOxygen",7.6
"724",2024-08-07 13:44:00,"peter",2.25,"MilliGM-PER-L","dissolvedOxygen",2.99
"725",2024-08-07 13:45:00,"peter",2.5,"MilliGM-PER-L","dissolvedOxygen",3.32
"726",2024-08-07 13:45:00,"peter",2.75,"MilliGM-PER-L","dissolvedOxygen",5.95
"727",2024-08-07 13:46:00,"peter",3,"MilliGM-PER-L","dissolvedOxygen",6.82
"728",2024-08-07 13:46:00,"peter",3.25,"MilliGM-PER-L","dissolvedOxygen",6.96
"729",2024-08-07 13:47:00,"peter",3.5,"MilliGM-PER-L","dissolvedOxygen",6.81
"730",2024-08-07 13:47:00,"peter",3.75,"MilliGM-PER-L","dissolvedOxygen",6.59
"731",2024-08-07 13:48:00,"peter",4,"MilliGM-PER-L","dissolvedOxygen",5.41
"732",2024-08-07 13:48:00,"peter",4.25,"MilliGM-PER-L","dissolvedOxygen",7.19
"733",2024-08-07 13:49:00,"peter",4.5,"MilliGM-PER-L","dissolvedOxygen",7.45
"734",2024-08-07 13:49:00,"peter",4.75,"MilliGM-PER-L","dissolvedOxygen",6.14
"735",2024-08-07 13:50:00,"peter",5,"MilliGM-PER-L","dissolvedOxygen",5.08
"736",2024-08-07 13:50:00,"peter",5.25,"MilliGM-PER-L","dissolvedOxygen",1.86
"737",2024-08-07 13:51:00,"peter",5.5,"MilliGM-PER-L","dissolvedOxygen",0.34
"738",2024-08-07 13:51:00,"peter",5.75,"MilliGM-PER-L","dissolvedOxygen",0.06
"739",2024-08-07 13:52:00,"peter",6,"MilliGM-PER-L","dissolvedOxygen",0.04
"740",2024-08-07 13:52:00,"peter",6.25,"MilliGM-PER-L","dissolvedOxygen",0.04
"741",2024-08-07 13:53:00,"peter",6.5,"MilliGM-PER-L","dissolvedOxygen",0.03
"742",2024-08-07 13:53:00,"peter",6.75,"MilliGM-PER-L","dissolvedOxygen",0.03
"743",2024-08-07 13:54:00,"peter",7,"MilliGM-PER-L","dissolvedOxygen",0.03
"744",2024-08-07 13:54:00,"peter",7.5,"MilliGM-PER-L","dissolvedOxygen",0.02
"745",2024-08-07 13:55:00,"peter",8,"MilliGM-PER-L","dissolvedOxygen",0.03
"746",2024-08-09 14:30:00,"peter",0,"MilliGM-PER-L","dissolvedOxygen",7.15
"747",2024-08-09 14:30:00,"peter",0.25,"MilliGM-PER-L","dissolvedOxygen",7.23
"748",2024-08-09 14:31:00,"peter",0.5,"MilliGM-PER-L","dissolvedOxygen",7.19
"749",2024-08-09 14:31:00,"peter",0.75,"MilliGM-PER-L","dissolvedOxygen",7.22
"750",2024-08-09 14:32:00,"peter",1,"MilliGM-PER-L","dissolvedOxygen",7.18
"751",2024-08-09 14:32:00,"peter",1.25,"MilliGM-PER-L","dissolvedOxygen",7.22
"752",2024-08-09 14:33:00,"peter",1.5,"MilliGM-PER-L","dissolvedOxygen",7.19
"753",2024-08-09 14:33:00,"peter",1.75,"MilliGM-PER-L","dissolvedOxygen",7.09
"754",2024-08-09 14:34:00,"peter",2,"MilliGM-PER-L","dissolvedOxygen",7.08
"755",2024-08-09 14:34:00,"peter",2.25,"MilliGM-PER-L","dissolvedOxygen",5.1
"756",2024-08-09 14:35:00,"peter",2.5,"MilliGM-PER-L","dissolvedOxygen",4.83
"757",2024-08-09 14:35:00,"peter",2.75,"MilliGM-PER-L","dissolvedOxygen",5.69
"758",2024-08-09 14:36:00,"peter",3,"MilliGM-PER-L","dissolvedOxygen",6.63
"759",2024-08-09 14:36:00,"peter",3.25,"MilliGM-PER-L","dissolvedOxygen",6.58
"760",2024-08-09 14:37:00,"peter",3.5,"MilliGM-PER-L","dissolvedOxygen",6.49
"761",2024-08-09 14:37:00,"peter",3.75,"MilliGM-PER-L","dissolvedOxygen",6.39
"762",2024-08-09 14:38:00,"peter",4,"MilliGM-PER-L","dissolvedOxygen",6.23
"763",2024-08-09 14:38:00,"peter",4.25,"MilliGM-PER-L","dissolvedOxygen",6.05
"764",2024-08-09 14:39:00,"peter",4.5,"MilliGM-PER-L","dissolvedOxygen",6.84
"765",2024-08-09 14:39:00,"peter",4.75,"MilliGM-PER-L","dissolvedOxygen",6.62
"766",2024-08-09 14:40:00,"peter",5,"MilliGM-PER-L","dissolvedOxygen",3.28
"767",2024-08-09 14:40:00,"peter",5.25,"MilliGM-PER-L","dissolvedOxygen",0.89
"768",2024-08-09 14:41:00,"peter",5.5,"MilliGM-PER-L","dissolvedOxygen",0.17
"769",2024-08-09 14:41:00,"peter",5.75,"MilliGM-PER-L","dissolvedOxygen",0.04
"770",2024-08-09 14:42:00,"peter",6,"MilliGM-PER-L","dissolvedOxygen",0.04
"771",2024-08-09 14:42:00,"peter",6.25,"MilliGM-PER-L","dissolvedOxygen",0.03
"772",2024-08-09 14:43:00,"peter",6.5,"MilliGM-PER-L","dissolvedOxygen",0.02
"773",2024-08-09 14:43:00,"peter",6.75,"MilliGM-PER-L","dissolvedOxygen",0.03
"774",2024-08-09 14:44:00,"peter",7,"MilliGM-PER-L","dissolvedOxygen",0.03
"775",2024-08-09 14:44:00,"peter",7.5,"MilliGM-PER-L","dissolvedOxygen",0.03
"776",2024-08-09 14:45:00,"peter",8,"MilliGM-PER-L","dissolvedOxygen",0.03
"777",2024-08-12 14:04:00,"peter",0,"MilliGM-PER-L","dissolvedOxygen",6.93
"778",2024-08-12 14:04:00,"peter",0.25,"MilliGM-PER-L","dissolvedOxygen",6.71
"779",2024-08-12 14:05:00,"peter",0.5,"MilliGM-PER-L","dissolvedOxygen",6.63
"780",2024-08-12 14:05:00,"peter",0.75,"MilliGM-PER-L","dissolvedOxygen",6.73
"781",2024-08-12 14:06:00,"peter",1,"MilliGM-PER-L","dissolvedOxygen",6.76
"782",2024-08-12 14:06:00,"peter",1.25,"MilliGM-PER-L","dissolvedOxygen",6.48
"783",2024-08-12 14:07:00,"peter",1.5,"MilliGM-PER-L","dissolvedOxygen",6.22
"784",2024-08-12 14:07:00,"peter",1.75,"MilliGM-PER-L","dissolvedOxygen",6.19
"785",2024-08-12 14:08:00,"peter",2,"MilliGM-PER-L","dissolvedOxygen",6.22
"786",2024-08-12 14:08:00,"peter",2.25,"MilliGM-PER-L","dissolvedOxygen",6.28
"787",2024-08-12 14:09:00,"peter",2.5,"MilliGM-PER-L","dissolvedOxygen",6.18
"788",2024-08-12 14:09:00,"peter",2.75,"MilliGM-PER-L","dissolvedOxygen",5.4
"789",2024-08-12 14:10:00,"peter",3,"MilliGM-PER-L","dissolvedOxygen",5.71
"790",2024-08-12 14:10:00,"peter",3.25,"MilliGM-PER-L","dissolvedOxygen",6.75
"791",2024-08-12 14:11:00,"peter",3.5,"MilliGM-PER-L","dissolvedOxygen",6.68
"792",2024-08-12 14:11:00,"peter",3.75,"MilliGM-PER-L","dissolvedOxygen",6.27
"793",2024-08-12 14:12:00,"peter",4,"MilliGM-PER-L","dissolvedOxygen",5.96
"794",2024-08-12 14:12:00,"peter",4.25,"MilliGM-PER-L","dissolvedOxygen",6.7
"795",2024-08-12 14:13:00,"peter",4.5,"MilliGM-PER-L","dissolvedOxygen",7.09
"796",2024-08-12 14:13:00,"peter",4.75,"MilliGM-PER-L","dissolvedOxygen",6.84
"797",2024-08-12 14:14:00,"peter",5,"MilliGM-PER-L","dissolvedOxygen",3.85
"798",2024-08-12 14:14:00,"peter",5.25,"MilliGM-PER-L","dissolvedOxygen",1.56
"799",2024-08-12 14:15:00,"peter",5.5,"MilliGM-PER-L","dissolvedOxygen",0.46
"800",2024-08-12 14:15:00,"peter",5.75,"MilliGM-PER-L","dissolvedOxygen",0.1
"801",2024-08-12 14:16:00,"peter",6,"MilliGM-PER-L","dissolvedOxygen",0.06
"802",2024-08-12 14:16:00,"peter",6.25,"MilliGM-PER-L","dissolvedOxygen",0.04
"803",2024-08-12 14:17:00,"peter",6.5,"MilliGM-PER-L","dissolvedOxygen",0.04
"804",2024-08-12 14:17:00,"peter",6.75,"MilliGM-PER-L","dissolvedOxygen",0.04
"805",2024-08-12 14:18:00,"peter",7,"MilliGM-PER-L","dissolvedOxygen",0.03
"806",2024-08-12 14:18:00,"peter",7.5,"MilliGM-PER-L","dissolvedOxygen",0.04
"807",2024-08-12 14:19:00,"peter",8,"MilliGM-PER-L","dissolvedOxygen",0.03
"808",2024-08-14 14:19:00,"peter",0,"MilliGM-PER-L","dissolvedOxygen",7.42
"809",2024-08-14 14:19:00,"peter",0.25,"MilliGM-PER-L","dissolvedOxygen",7.44
"810",2024-08-14 14:20:00,"peter",0.5,"MilliGM-PER-L","dissolvedOxygen",7.43
"811",2024-08-14 14:20:00,"peter",0.75,"MilliGM-PER-L","dissolvedOxygen",7.14
"812",2024-08-14 14:21:00,"peter",1,"MilliGM-PER-L","dissolvedOxygen",7.12
"813",2024-08-14 14:21:00,"peter",1.25,"MilliGM-PER-L","dissolvedOxygen",6.68
"814",2024-08-14 14:22:00,"peter",1.5,"MilliGM-PER-L","dissolvedOxygen",6.36
"815",2024-08-14 14:22:00,"peter",1.75,"MilliGM-PER-L","dissolvedOxygen",6.25
"816",2024-08-14 14:23:00,"peter",2,"MilliGM-PER-L","dissolvedOxygen",6.25
"817",2024-08-14 14:23:00,"peter",2.25,"MilliGM-PER-L","dissolvedOxygen",6.17
"818",2024-08-14 14:24:00,"peter",2.5,"MilliGM-PER-L","dissolvedOxygen",6.05
"819",2024-08-14 14:24:00,"peter",2.75,"MilliGM-PER-L","dissolvedOxygen",5.01
"820",2024-08-14 14:25:00,"peter",3,"MilliGM-PER-L","dissolvedOxygen",5.8
"821",2024-08-14 14:25:00,"peter",3.25,"MilliGM-PER-L","dissolvedOxygen",6.14
"822",2024-08-14 14:26:00,"peter",3.5,"MilliGM-PER-L","dissolvedOxygen",6.33
"823",2024-08-14 14:26:00,"peter",3.75,"MilliGM-PER-L","dissolvedOxygen",6.19
"824",2024-08-14 14:27:00,"peter",4,"MilliGM-PER-L","dissolvedOxygen",6.28
"825",2024-08-14 14:27:00,"peter",4.25,"MilliGM-PER-L","dissolvedOxygen",7.22
"826",2024-08-14 14:28:00,"peter",4.5,"MilliGM-PER-L","dissolvedOxygen",7.31
"827",2024-08-14 14:28:00,"peter",4.75,"MilliGM-PER-L","dissolvedOxygen",5.2
"828",2024-08-14 14:29:00,"peter",5,"MilliGM-PER-L","dissolvedOxygen",3.26
"829",2024-08-14 14:29:00,"peter",5.25,"MilliGM-PER-L","dissolvedOxygen",1.04
"830",2024-08-14 14:30:00,"peter",5.5,"MilliGM-PER-L","dissolvedOxygen",0.53
"831",2024-08-14 14:30:00,"peter",5.75,"MilliGM-PER-L","dissolvedOxygen",0.18
"832",2024-08-14 14:31:00,"peter",6,"MilliGM-PER-L","dissolvedOxygen",0.08
"833",2024-08-14 14:31:00,"peter",6.25,"MilliGM-PER-L","dissolvedOxygen",0.04
"834",2024-08-14 14:32:00,"peter",6.5,"MilliGM-PER-L","dissolvedOxygen",0.03
"835",2024-08-14 14:32:00,"peter",6.75,"MilliGM-PER-L","dissolvedOxygen",0.04
"836",2024-08-14 14:33:00,"peter",7,"MilliGM-PER-L","dissolvedOxygen",0.03
"837",2024-08-14 14:33:00,"peter",7.5,"MilliGM-PER-L","dissolvedOxygen",0.04
"838",2024-08-14 14:34:00,"peter",8,"MilliGM-PER-L","dissolvedOxygen",0.03
"839",2024-08-17 15:27:00,"peter",0,"MilliGM-PER-L","dissolvedOxygen",8.48
"840",2024-08-17 15:27:00,"peter",0.25,"MilliGM-PER-L","dissolvedOxygen",8.49
"841",2024-08-17 15:28:00,"peter",0.5,"MilliGM-PER-L","dissolvedOxygen",8.45
"842",2024-08-17 15:28:00,"peter",0.75,"MilliGM-PER-L","dissolvedOxygen",8.46
"843",2024-08-17 15:29:00,"peter",1,"MilliGM-PER-L","dissolvedOxygen",8.35
"844",2024-08-17 15:29:00,"peter",1.25,"MilliGM-PER-L","dissolvedOxygen",7.66
"845",2024-08-17 15:30:00,"peter",1.5,"MilliGM-PER-L","dissolvedOxygen",7.16
"846",2024-08-17 15:30:00,"peter",1.75,"MilliGM-PER-L","dissolvedOxygen",6.32
"847",2024-08-17 15:31:00,"peter",2,"MilliGM-PER-L","dissolvedOxygen",6.03
"848",2024-08-17 15:31:00,"peter",2.25,"MilliGM-PER-L","dissolvedOxygen",5.81
"849",2024-08-17 15:32:00,"peter",2.5,"MilliGM-PER-L","dissolvedOxygen",5.48
"850",2024-08-17 15:32:00,"peter",2.75,"MilliGM-PER-L","dissolvedOxygen",4.99
"851",2024-08-17 15:33:00,"peter",3,"MilliGM-PER-L","dissolvedOxygen",4.93
"852",2024-08-17 15:33:00,"peter",3.25,"MilliGM-PER-L","dissolvedOxygen",5.37
"853",2024-08-17 15:34:00,"peter",3.5,"MilliGM-PER-L","dissolvedOxygen",5.9
"854",2024-08-17 15:34:00,"peter",3.75,"MilliGM-PER-L","dissolvedOxygen",5.71
"855",2024-08-17 15:35:00,"peter",4,"MilliGM-PER-L","dissolvedOxygen",6.47
"856",2024-08-17 15:35:00,"peter",4.25,"MilliGM-PER-L","dissolvedOxygen",7.19
"857",2024-08-17 15:36:00,"peter",4.5,"MilliGM-PER-L","dissolvedOxygen",6.97
"858",2024-08-17 15:36:00,"peter",4.75,"MilliGM-PER-L","dissolvedOxygen",4.95
"859",2024-08-17 15:37:00,"peter",5,"MilliGM-PER-L","dissolvedOxygen",3.33
"860",2024-08-17 15:37:00,"peter",5.25,"MilliGM-PER-L","dissolvedOxygen",1.51
"861",2024-08-17 15:38:00,"peter",5.5,"MilliGM-PER-L","dissolvedOxygen",0.79
"862",2024-08-17 15:38:00,"peter",5.75,"MilliGM-PER-L","dissolvedOxygen",0.27
"863",2024-08-17 15:39:00,"peter",6,"MilliGM-PER-L","dissolvedOxygen",0.07
"864",2024-08-17 15:39:00,"peter",6.25,"MilliGM-PER-L","dissolvedOxygen",0.03
"865",2024-08-17 15:40:00,"peter",6.5,"MilliGM-PER-L","dissolvedOxygen",0.03
"866",2024-08-17 15:40:00,"peter",6.75,"MilliGM-PER-L","dissolvedOxygen",0.03
"867",2024-08-17 15:41:00,"peter",7,"MilliGM-PER-L","dissolvedOxygen",0.03
"868",2024-08-17 15:41:00,"peter",7.5,"MilliGM-PER-L","dissolvedOxygen",0.03
"869",2024-08-17 15:42:00,"peter",8,"MilliGM-PER-L","dissolvedOxygen",0.04
"870",2024-08-19 15:57:00,"peter",0,"MilliGM-PER-L","dissolvedOxygen",8.47
"871",2024-08-19 15:57:00,"peter",0.25,"MilliGM-PER-L","dissolvedOxygen",8.48
"872",2024-08-19 15:58:00,"peter",0.5,"MilliGM-PER-L","dissolvedOxygen",8.55
"873",2024-08-19 15:58:00,"peter",0.75,"MilliGM-PER-L","dissolvedOxygen",8.62
"874",2024-08-19 15:59:00,"peter",1,"MilliGM-PER-L","dissolvedOxygen",8.51
"875",2024-08-19 15:59:00,"peter",1.25,"MilliGM-PER-L","dissolvedOxygen",8.51
"876",2024-08-19 16:00:00,"peter",1.5,"MilliGM-PER-L","dissolvedOxygen",8.38
"877",2024-08-19 16:00:00,"peter",1.75,"MilliGM-PER-L","dissolvedOxygen",8.27
"878",2024-08-19 16:01:00,"peter",2,"MilliGM-PER-L","dissolvedOxygen",6.68
"879",2024-08-19 16:01:00,"peter",2.25,"MilliGM-PER-L","dissolvedOxygen",6.25
"880",2024-08-19 16:02:00,"peter",2.5,"MilliGM-PER-L","dissolvedOxygen",5.1
"881",2024-08-19 16:02:00,"peter",2.75,"MilliGM-PER-L","dissolvedOxygen",4.75
"882",2024-08-19 16:03:00,"peter",3,"MilliGM-PER-L","dissolvedOxygen",5.05
"883",2024-08-19 16:03:00,"peter",3.25,"MilliGM-PER-L","dissolvedOxygen",5.48
"884",2024-08-19 16:04:00,"peter",3.5,"MilliGM-PER-L","dissolvedOxygen",5.3
"885",2024-08-19 16:04:00,"peter",3.75,"MilliGM-PER-L","dissolvedOxygen",5.54
"886",2024-08-19 16:05:00,"peter",4,"MilliGM-PER-L","dissolvedOxygen",6.16
"887",2024-08-19 16:05:00,"peter",4.25,"MilliGM-PER-L","dissolvedOxygen",6.56
"888",2024-08-19 16:06:00,"peter",4.5,"MilliGM-PER-L","dissolvedOxygen",6.14
"889",2024-08-19 16:06:00,"peter",4.75,"MilliGM-PER-L","dissolvedOxygen",5.19
"890",2024-08-19 16:07:00,"peter",5,"MilliGM-PER-L","dissolvedOxygen",3.82
"891",2024-08-19 16:07:00,"peter",5.25,"MilliGM-PER-L","dissolvedOxygen",1.91
"892",2024-08-19 16:08:00,"peter",5.5,"MilliGM-PER-L","dissolvedOxygen",0.71
"893",2024-08-19 16:08:00,"peter",5.75,"MilliGM-PER-L","dissolvedOxygen",0.24
"894",2024-08-19 16:09:00,"peter",6,"MilliGM-PER-L","dissolvedOxygen",0.04
"895",2024-08-19 16:09:00,"peter",6.25,"MilliGM-PER-L","dissolvedOxygen",0.04
"896",2024-08-19 16:10:00,"peter",6.5,"MilliGM-PER-L","dissolvedOxygen",0.03
"897",2024-08-19 16:10:00,"peter",6.75,"MilliGM-PER-L","dissolvedOxygen",0.03
"898",2024-08-19 16:11:00,"peter",7,"MilliGM-PER-L","dissolvedOxygen",0.04
"899",2024-08-19 16:11:00,"peter",7.5,"MilliGM-PER-L","dissolvedOxygen",0.04
"900",2024-08-19 16:12:00,"peter",8,"MilliGM-PER-L","dissolvedOxygen",0.03
"901",2024-08-21 11:56:00,"peter",0,"MilliGM-PER-L","dissolvedOxygen",8.51
"902",2024-08-21 11:56:00,"peter",0.25,"MilliGM-PER-L","dissolvedOxygen",8.55
"903",2024-08-21 11:57:00,"peter",0.5,"MilliGM-PER-L","dissolvedOxygen",8.52
"904",2024-08-21 11:57:00,"peter",0.75,"MilliGM-PER-L","dissolvedOxygen",8.54
"905",2024-08-21 11:58:00,"peter",1,"MilliGM-PER-L","dissolvedOxygen",8.53
"906",2024-08-21 11:58:00,"peter",1.25,"MilliGM-PER-L","dissolvedOxygen",8.45
"907",2024-08-21 11:59:00,"peter",1.5,"MilliGM-PER-L","dissolvedOxygen",8.43
"908",2024-08-21 11:59:00,"peter",1.75,"MilliGM-PER-L","dissolvedOxygen",8.28
"909",2024-08-21 12:00:00,"peter",2,"MilliGM-PER-L","dissolvedOxygen",7.33
"910",2024-08-21 12:00:00,"peter",2.25,"MilliGM-PER-L","dissolvedOxygen",6.47
"911",2024-08-21 12:01:00,"peter",2.5,"MilliGM-PER-L","dissolvedOxygen",5.73
"912",2024-08-21 12:01:00,"peter",2.75,"MilliGM-PER-L","dissolvedOxygen",4.75
"913",2024-08-21 12:02:00,"peter",3,"MilliGM-PER-L","dissolvedOxygen",4.52
"914",2024-08-21 12:02:00,"peter",3.25,"MilliGM-PER-L","dissolvedOxygen",4.49
"915",2024-08-21 12:03:00,"peter",3.5,"MilliGM-PER-L","dissolvedOxygen",4.89
"916",2024-08-21 12:03:00,"peter",3.75,"MilliGM-PER-L","dissolvedOxygen",5.1
"917",2024-08-21 12:04:00,"peter",4,"MilliGM-PER-L","dissolvedOxygen",5.35
"918",2024-08-21 12:04:00,"peter",4.25,"MilliGM-PER-L","dissolvedOxygen",5.94
"919",2024-08-21 12:05:00,"peter",4.5,"MilliGM-PER-L","dissolvedOxygen",6.03
"920",2024-08-21 12:05:00,"peter",4.75,"MilliGM-PER-L","dissolvedOxygen",5.33
"921",2024-08-21 12:06:00,"peter",5,"MilliGM-PER-L","dissolvedOxygen",3.76
"922",2024-08-21 12:06:00,"peter",5.25,"MilliGM-PER-L","dissolvedOxygen",2.17
"923",2024-08-21 12:07:00,"peter",5.5,"MilliGM-PER-L","dissolvedOxygen",1.06
"924",2024-08-21 12:07:00,"peter",5.75,"MilliGM-PER-L","dissolvedOxygen",0.47
"925",2024-08-21 12:08:00,"peter",6,"MilliGM-PER-L","dissolvedOxygen",0.15
"926",2024-08-21 12:08:00,"peter",6.25,"MilliGM-PER-L","dissolvedOxygen",0.06
"927",2024-08-21 12:09:00,"peter",6.5,"MilliGM-PER-L","dissolvedOxygen",0.04
"928",2024-08-21 12:09:00,"peter",6.75,"MilliGM-PER-L","dissolvedOxygen",0.04
"929",2024-08-21 12:10:00,"peter",7,"MilliGM-PER-L","dissolvedOxygen",0.04
"930",2024-08-21 12:10:00,"peter",7.5,"MilliGM-PER-L","dissolvedOxygen",0.04
"931",2024-08-21 12:11:00,"peter",8,"MilliGM-PER-L","dissolvedOxygen",0.03
"932",2024-08-24 13:16:00,"peter",0,"MilliGM-PER-L","dissolvedOxygen",9.13
"933",2024-08-24 13:16:00,"peter",0.25,"MilliGM-PER-L","dissolvedOxygen",9.27
"934",2024-08-24 13:17:00,"peter",0.5,"MilliGM-PER-L","dissolvedOxygen",9.31
"935",2024-08-24 13:17:00,"peter",0.75,"MilliGM-PER-L","dissolvedOxygen",9.28
"936",2024-08-24 13:18:00,"peter",1,"MilliGM-PER-L","dissolvedOxygen",9.27
"937",2024-08-24 13:18:00,"peter",1.25,"MilliGM-PER-L","dissolvedOxygen",9.26
"938",2024-08-24 13:19:00,"peter",1.5,"MilliGM-PER-L","dissolvedOxygen",9.12
"939",2024-08-24 13:19:00,"peter",1.75,"MilliGM-PER-L","dissolvedOxygen",9.05
"940",2024-08-24 13:20:00,"peter",2,"MilliGM-PER-L","dissolvedOxygen",8.85
"941",2024-08-24 13:20:00,"peter",2.25,"MilliGM-PER-L","dissolvedOxygen",7.38
"942",2024-08-24 13:21:00,"peter",2.5,"MilliGM-PER-L","dissolvedOxygen",5.93
"943",2024-08-24 13:21:00,"peter",2.75,"MilliGM-PER-L","dissolvedOxygen",5.04
"944",2024-08-24 13:22:00,"peter",3,"MilliGM-PER-L","dissolvedOxygen",5.05
"945",2024-08-24 13:22:00,"peter",3.25,"MilliGM-PER-L","dissolvedOxygen",5.28
"946",2024-08-24 13:23:00,"peter",3.5,"MilliGM-PER-L","dissolvedOxygen",5.5
"947",2024-08-24 13:23:00,"peter",3.75,"MilliGM-PER-L","dissolvedOxygen",5.3
"948",2024-08-24 13:24:00,"peter",4,"MilliGM-PER-L","dissolvedOxygen",5.31
"949",2024-08-24 13:24:00,"peter",4.25,"MilliGM-PER-L","dissolvedOxygen",5.66
"950",2024-08-24 13:25:00,"peter",4.5,"MilliGM-PER-L","dissolvedOxygen",5.59
"951",2024-08-24 13:25:00,"peter",4.75,"MilliGM-PER-L","dissolvedOxygen",4.38
"952",2024-08-24 13:26:00,"peter",5,"MilliGM-PER-L","dissolvedOxygen",2.87
"953",2024-08-24 13:26:00,"peter",5.25,"MilliGM-PER-L","dissolvedOxygen",1.61
"954",2024-08-24 13:27:00,"peter",5.5,"MilliGM-PER-L","dissolvedOxygen",1
"955",2024-08-24 13:27:00,"peter",5.75,"MilliGM-PER-L","dissolvedOxygen",0.43
"956",2024-08-24 13:28:00,"peter",6,"MilliGM-PER-L","dissolvedOxygen",0.21
"957",2024-08-24 13:28:00,"peter",6.25,"MilliGM-PER-L","dissolvedOxygen",0.1
"958",2024-08-24 13:29:00,"peter",6.5,"MilliGM-PER-L","dissolvedOxygen",0.04
"959",2024-08-24 13:29:00,"peter",6.75,"MilliGM-PER-L","dissolvedOxygen",0.04
"960",2024-08-24 13:30:00,"peter",7,"MilliGM-PER-L","dissolvedOxygen",0.03
"961",2024-08-24 13:30:00,"peter",7.5,"MilliGM-PER-L","dissolvedOxygen",0.03
"962",2024-08-24 13:31:00,"peter",8,"MilliGM-PER-L","dissolvedOxygen",0.03
"963",2024-06-18 15:53:00,"peter",0,"MilliGM-PER-L","dissolvedOxygen",9.49
"964",2024-06-18 15:53:00,"peter",0.25,"MilliGM-PER-L","dissolvedOxygen",9.51
"965",2024-06-18 15:54:00,"peter",0.5,"MilliGM-PER-L","dissolvedOxygen",9.58
"966",2024-06-18 15:54:00,"peter",0.75,"MilliGM-PER-L","dissolvedOxygen",9.9
"967",2024-06-18 15:55:00,"peter",1,"MilliGM-PER-L","dissolvedOxygen",9.94
"968",2024-06-18 15:55:00,"peter",1.25,"MilliGM-PER-L","dissolvedOxygen",9.87
"969",2024-06-18 15:56:00,"peter",1.5,"MilliGM-PER-L","dissolvedOxygen",9.9
"970",2024-06-18 15:56:00,"peter",1.75,"MilliGM-PER-L","dissolvedOxygen",9.17
"971",2024-06-18 15:57:00,"peter",2,"MilliGM-PER-L","dissolvedOxygen",8.88
"972",2024-06-18 15:57:00,"peter",2.25,"MilliGM-PER-L","dissolvedOxygen",8.59
"973",2024-06-18 15:58:00,"peter",2.5,"MilliGM-PER-L","dissolvedOxygen",9.82
"974",2024-06-18 15:58:00,"peter",2.75,"MilliGM-PER-L","dissolvedOxygen",10.8
"975",2024-06-18 15:59:00,"peter",3,"MilliGM-PER-L","dissolvedOxygen",11.4
"976",2024-06-18 15:59:00,"peter",3.25,"MilliGM-PER-L","dissolvedOxygen",11.62
"977",2024-06-18 16:00:00,"peter",3.5,"MilliGM-PER-L","dissolvedOxygen",12.05
"978",2024-06-18 16:00:00,"peter",3.75,"MilliGM-PER-L","dissolvedOxygen",11.85
"979",2024-06-18 16:01:00,"peter",4,"MilliGM-PER-L","dissolvedOxygen",12.09
"980",2024-06-18 16:01:00,"peter",4.25,"MilliGM-PER-L","dissolvedOxygen",12.63
"981",2024-06-18 16:02:00,"peter",4.5,"MilliGM-PER-L","dissolvedOxygen",13.72
"982",2024-06-18 16:02:00,"peter",4.75,"MilliGM-PER-L","dissolvedOxygen",13.33
"983",2024-06-18 16:03:00,"peter",5,"MilliGM-PER-L","dissolvedOxygen",11.25
"984",2024-06-18 16:03:00,"peter",5.25,"MilliGM-PER-L","dissolvedOxygen",8.78
"985",2024-06-18 16:04:00,"peter",5.5,"MilliGM-PER-L","dissolvedOxygen",6.38
"986",2024-06-18 16:04:00,"peter",5.75,"MilliGM-PER-L","dissolvedOxygen",1.73
"987",2024-06-18 16:05:00,"peter",6,"MilliGM-PER-L","dissolvedOxygen",0.54
"988",2024-06-18 16:05:00,"peter",6.25,"MilliGM-PER-L","dissolvedOxygen",0.31
"989",2024-06-18 16:06:00,"peter",6.5,"MilliGM-PER-L","dissolvedOxygen",0.06
"990",2024-06-18 16:06:00,"peter",6.75,"MilliGM-PER-L","dissolvedOxygen",0.04
"991",2024-06-18 16:07:00,"peter",7,"MilliGM-PER-L","dissolvedOxygen",0.02
"992",2024-06-18 16:07:00,"peter",7.5,"MilliGM-PER-L","dissolvedOxygen",0.02
"993",2024-06-18 16:08:00,"peter",8,"MilliGM-PER-L","dissolvedOxygen",0.02
"994",2024-06-18 16:08:00,"peter",9,"MilliGM-PER-L","dissolvedOxygen",0.02
"995",2024-06-24 15:09:00,"peter",0,"MilliGM-PER-L","dissolvedOxygen",9.59
"996",2024-06-24 15:09:00,"peter",0.25,"MilliGM-PER-L","dissolvedOxygen",9.56
"997",2024-06-24 15:10:00,"peter",0.5,"MilliGM-PER-L","dissolvedOxygen",9.73
"998",2024-06-24 15:10:00,"peter",0.75,"MilliGM-PER-L","dissolvedOxygen",9.49
"999",2024-06-24 15:11:00,"peter",1,"MilliGM-PER-L","dissolvedOxygen",9.62
"1000",2024-06-24 15:11:00,"peter",1.25,"MilliGM-PER-L","dissolvedOxygen",9.17
"1001",2024-06-24 15:12:00,"peter",1.5,"MilliGM-PER-L","dissolvedOxygen",8.97
"1002",2024-06-24 15:12:00,"peter",1.75,"MilliGM-PER-L","dissolvedOxygen",8.74
"1003",2024-06-24 15:13:00,"peter",2,"MilliGM-PER-L","dissolvedOxygen",8.27
"1004",2024-06-24 15:13:00,"peter",2.25,"MilliGM-PER-L","dissolvedOxygen",8.04
"1005",2024-06-24 15:14:00,"peter",2.5,"MilliGM-PER-L","dissolvedOxygen",8.18
"1006",2024-06-24 15:14:00,"peter",2.75,"MilliGM-PER-L","dissolvedOxygen",9.74
"1007",2024-06-24 15:15:00,"peter",3,"MilliGM-PER-L","dissolvedOxygen",10.53
"1008",2024-06-24 15:15:00,"peter",3.25,"MilliGM-PER-L","dissolvedOxygen",10.87
"1009",2024-06-24 15:16:00,"peter",3.5,"MilliGM-PER-L","dissolvedOxygen",11.05
"1010",2024-06-24 15:16:00,"peter",3.75,"MilliGM-PER-L","dissolvedOxygen",11.37
"1011",2024-06-24 15:17:00,"peter",4,"MilliGM-PER-L","dissolvedOxygen",11.23
"1012",2024-06-24 15:17:00,"peter",4.25,"MilliGM-PER-L","dissolvedOxygen",10.34
"1013",2024-06-24 15:18:00,"peter",4.5,"MilliGM-PER-L","dissolvedOxygen",9.76
"1014",2024-06-24 15:18:00,"peter",4.75,"MilliGM-PER-L","dissolvedOxygen",8.63
"1015",2024-06-24 15:19:00,"peter",5,"MilliGM-PER-L","dissolvedOxygen",6.97
"1016",2024-06-24 15:19:00,"peter",5.25,"MilliGM-PER-L","dissolvedOxygen",3.21
"1017",2024-06-24 15:20:00,"peter",5.5,"MilliGM-PER-L","dissolvedOxygen",1.22
"1018",2024-06-24 15:20:00,"peter",5.75,"MilliGM-PER-L","dissolvedOxygen",0.24
"1019",2024-06-24 15:21:00,"peter",6,"MilliGM-PER-L","dissolvedOxygen",0.06
"1020",2024-06-24 15:21:00,"peter",6.25,"MilliGM-PER-L","dissolvedOxygen",0.04
"1021",2024-06-24 15:22:00,"peter",6.5,"MilliGM-PER-L","dissolvedOxygen",0.03
"1022",2024-06-24 15:22:00,"peter",6.75,"MilliGM-PER-L","dissolvedOxygen",0.03
"1023",2024-06-24 15:23:00,"peter",7,"MilliGM-PER-L","dissolvedOxygen",0.02
"1024",2024-06-24 15:23:00,"peter",7.5,"MilliGM-PER-L","dissolvedOxygen",0.01
"1025",2024-06-24 15:24:00,"peter",8,"MilliGM-PER-L","dissolvedOxygen",0.01
"1026",2024-05-20 09:00:00,"peter",1,"MicroGM-PER-L","TP",14.157
"1027",2024-05-20 09:00:00,"peter",4,"MicroGM-PER-L","TP",19.369
"1028",2024-05-20 09:00:00,"peter",12,"MicroGM-PER-L","TP",153.074
"1029",2024-05-27 09:00:00,"peter",1,"MicroGM-PER-L","TP",11.213
"1030",2024-05-27 09:00:00,"peter",4,"MicroGM-PER-L","TP",24.469
"1031",2024-05-27 09:00:00,"peter",12,"MicroGM-PER-L","TP",140.992
"1032",2024-06-03 09:00:00,"peter",1,"MicroGM-PER-L","TP",11.744
"1033",2024-06-03 09:00:00,"peter",4,"MicroGM-PER-L","TP",18.736
"1034",2024-06-03 09:00:00,"peter",12,"MicroGM-PER-L","TP",156.377
"1035",2024-06-10 09:00:00,"peter",1,"MicroGM-PER-L","TP",10.441
"1036",2024-06-10 09:00:00,"peter",4,"MicroGM-PER-L","TP",17.994
"1037",2024-06-10 09:00:00,"peter",12,"MicroGM-PER-L","TP",171.328
"1038",2024-06-17 09:00:00,"peter",1,"MicroGM-PER-L","TP",23.35
"1039",2024-06-17 09:00:00,"peter",4,"MicroGM-PER-L","TP",20.872
"1040",2024-06-17 09:00:00,"peter",12,"MicroGM-PER-L","TP",160.613
"1041",2024-06-24 09:00:00,"peter",1,"MicroGM-PER-L","TP",58.261
"1042",2024-06-24 09:00:00,"peter",4,"MicroGM-PER-L","TP",18.836
"1043",2024-06-24 09:00:00,"peter",12,"MicroGM-PER-L","TP",151.512
"1044",2024-07-01 09:00:00,"peter",1,"MicroGM-PER-L","TP",20.1
"1045",2024-07-01 09:00:00,"peter",4,"MicroGM-PER-L","TP",17.938
"1046",2024-07-01 09:00:00,"peter",12,"MicroGM-PER-L","TP",209.252
"1047",2024-07-08 09:00:00,"peter",1,"MicroGM-PER-L","TP",23.926
"1048",2024-07-08 09:00:00,"peter",4,"MicroGM-PER-L","TP",19.533
"1049",2024-07-08 09:00:00,"peter",12,"MicroGM-PER-L","TP",207.835
"1050",2024-07-15 09:00:00,"peter",1,"MicroGM-PER-L","TP",23.452
"1051",2024-07-15 09:00:00,"peter",4,"MicroGM-PER-L","TP",19.346
"1052",2024-07-15 09:00:00,"peter",12,"MicroGM-PER-L","TP",143.369
"1053",2024-07-22 09:00:00,"peter",1,"MicroGM-PER-L","TP",28.547
"1054",2024-07-22 09:00:00,"peter",4,"MicroGM-PER-L","TP",22.642
"1055",2024-07-22 09:00:00,"peter",12,"MicroGM-PER-L","TP",228.73
"1056",2024-07-29 09:00:00,"peter",1,"MicroGM-PER-L","TP",21.768
"1057",2024-07-29 09:00:00,"peter",4,"MicroGM-PER-L","TP",24.198
"1058",2024-07-29 09:00:00,"peter",12,"MicroGM-PER-L","TP",211.409
"1059",2024-08-05 09:00:00,"peter",1,"MicroGM-PER-L","TP",23.166
"1060",2024-08-05 09:00:00,"peter",4,"MicroGM-PER-L","TP",22.697
"1061",2024-08-05 09:00:00,"peter",12,"MicroGM-PER-L","TP",171.062
"1062",2024-08-12 09:00:00,"peter",1,"MicroGM-PER-L","TP",8.612
"1063",2024-08-12 09:00:00,"peter",4,"MicroGM-PER-L","TP",24.251
"1064",2024-08-12 09:00:00,"peter",12,"MicroGM-PER-L","TP",184.787
"1065",2024-08-19 09:00:00,"peter",1,"MicroGM-PER-L","TP",25.402
"1066",2024-08-19 09:00:00,"peter",4,"MicroGM-PER-L","TP",26.06
"1067",2024-08-19 09:00:00,"peter",12,"MicroGM-PER-L","TP",265.963
"1068",2024-08-05 09:00:00,"peter",12,"MilliGM-PER-L","doc",4.636
"1069",2024-08-05 09:00:00,"peter",4,"MilliGM-PER-L","doc",4.816
"1070",2024-08-05 09:00:00,"peter",1,"MilliGM-PER-L","doc",6.478
"1071",2024-08-19 09:00:00,"peter",12,"MilliGM-PER-L","doc",5.0425
"1072",2024-08-19 09:00:00,"peter",4,"MilliGM-PER-L","doc",4.848
"1073",2024-08-19 09:00:00,"peter",1,"MilliGM-PER-L","doc",5.8985
"1074",2024-08-12 09:00:00,"peter",12,"MilliGM-PER-L","doc",4.8
"1075",2024-08-12 09:00:00,"peter",4,"MilliGM-PER-L","doc",4.414
"1076",2024-08-12 09:00:00,"peter",1,"MilliGM-PER-L","doc",6.029
"1077",2024-07-08 09:00:00,"peter",12,"MilliGM-PER-L","doc",4.634
"1078",2024-07-08 09:00:00,"peter",4,"MilliGM-PER-L","doc",4.312
"1079",2024-07-08 09:00:00,"peter",1,"MilliGM-PER-L","doc",5.221
"1080",2024-07-29 09:00:00,"peter",12,"MilliGM-PER-L","doc",5.012
"1081",2024-07-29 09:00:00,"peter",4,"MilliGM-PER-L","doc",4.645
"1082",2024-07-29 09:00:00,"peter",1,"MilliGM-PER-L","doc",6.379
"1083",2024-07-22 09:00:00,"peter",12,"MilliGM-PER-L","doc",4.751
"1084",2024-07-22 09:00:00,"peter",4,"MilliGM-PER-L","doc",4.508
"1085",2024-07-22 09:00:00,"peter",1,"MilliGM-PER-L","doc",6.018
"1086",2024-07-15 09:00:00,"peter",12,"MilliGM-PER-L","doc",4.677
"1087",2024-07-15 09:00:00,"peter",4,"MilliGM-PER-L","doc",4.683
"1088",2024-07-15 09:00:00,"peter",1,"MilliGM-PER-L","doc",6.348
"1089",2024-07-01 09:00:00,"peter",12,"MilliGM-PER-L","doc",4.803
"1090",2024-07-01 09:00:00,"peter",4,"MilliGM-PER-L","doc",4.454
"1091",2024-07-01 09:00:00,"peter",1,"MilliGM-PER-L","doc",5.099
"1092",2024-06-03 09:00:00,"peter",12,"MilliGM-PER-L","doc",5.062
"1093",2024-06-03 09:00:00,"peter",4,"MilliGM-PER-L","doc",4.541
"1094",2024-06-24 09:00:00,"peter",12,"MilliGM-PER-L","doc",5.046
"1095",2024-06-24 09:00:00,"peter",4,"MilliGM-PER-L","doc",4.6775
"1096",2024-06-17 09:00:00,"peter",4,"MilliGM-PER-L","doc",4.662
"1097",2024-06-10 09:00:00,"peter",12,"MilliGM-PER-L","doc",5.068
"1098",2024-06-10 09:00:00,"peter",4,"MilliGM-PER-L","doc",5.028
"1099",2024-06-10 09:00:00,"peter",1,"MilliGM-PER-L","doc",5.032
"1100",2024-05-27 09:00:00,"peter",12,"MilliGM-PER-L","doc",5.201
"1101",2024-05-27 09:00:00,"peter",4,"MilliGM-PER-L","doc",5.091
"1102",2024-05-27 09:00:00,"peter",1,"MilliGM-PER-L","doc",5.181
"1103",2024-05-20 09:00:00,"peter",12,"MilliGM-PER-L","doc",5.416
"1104",2024-05-20 09:00:00,"peter",4,"MilliGM-PER-L","doc",4.935
